FL21-MB-0102,MB0002
FL21-MB-0202,MB0003
FL21-MB-0302,MB0004
FL21-MB-0402,MB0005
FL21-MB-0502,MB0006
FL21-MB-0602,MB0008
FL21-MB-0702,MB0009
FL21-MB-0802,MB0010
FL21-MB-0902,MB0011
FL21-MB-1002,MB0012
FL21-MB-0103,MB0013
FL21-MB-0203,MB0014
FL21-MB-0303,MB0015
FL21-MB-0403,MB0016
FL21-MB-0503,MB0017
FL21-MB-0603,MB0018
FL21-MB-0703,MB0019
FL21-MB-0803,MB0020
FL21-MB-0903,MB0021
FL21-MB-1003,MB0022
FL21-MB-0204,MB0023
FL21-MB-0304,MB0024
FL21-MB-0404,MB0025
FL21-MB-0504,MB0026
FL21-MB-0604,MB0027
FL21-MB-0704,MB0028
FL21-MB-0804,MB0029
FL21-MB-0904,MB0030
FL21-MB-1004,MB0031
FL21-MB-0105,MB0032
FL21-MB-0205,MB0033
FL21-MB-0305,MB0035
FL21-MB-0405,MB0037
FL21-MB-0505,MB0038
FL21-MB-0605,MB0040
FL21-MB-0705,MB0041
FL21-MB-0805,MB0042
FL21-MB-0905,MB0043
FL21-MB-1005,MB0044
FL21-MB-0106,MB0045
FL21-MB-0206,MB0046
FL21-MB-0306,MB0049
FL21-MB-0406,MB0050
FL21-MB-0506,MB0051
FL21-MB-0606,MB0052
FL21-MB-0706,MB0053
FL21-MB-0806,MB0056
FL21-MB-0906,MB0057
FL21-MB-1006,MB0060
FL21-MB-0107,MB0061
FL21-MB-0207,MB0062
FL21-MB-0407,MB0063
FL21-MB-0507,MB0064
FL21-MB-0607,MB0066
FL21-MB-0707,MB0071
FL21-MB-0807,MB0072
FL21-MB-0907,MB0073
FL21-MB-1007,MB0074
FL21-MB-0108,MB0075
FL21-MB-0208,MB0080
FL21-MB-0308,MB0081
FL21-MB-0408,MB0082
FL21-MB-0508,MB0084
FL21-MB-0608,MB0085
FL21-MB-0708,MB0086
FL21-MB-0908,MB0087
FL21-MB-1008,MB0088
FL21-MB-0109,MB0089
FL21-MB-0209,MB0090
FL21-MB-0309,MB0091
FL21-MB-0409,MB0092
FL21-MB-0509,MB0093
FL21-MB-0609,MB0094
FL21-MB-0709,MB0095
FL21-MB-0809,MB0096
FL21-MB-0909,MB0097
FL21-MB-1009,MB0098
FL21-MB-0110,MB0099
FL21-MB-0210,MB0100
FL21-MB-0410,MB0101
FL21-MB-0510,MB0102
FL21-MB-0610,MB0103
FL21-MB-0710,MB0104
FL21-MB-0810,MB0105
FL21-MB-0910,MB0106
FL21-MB-1010,MB0107
FL21-MB-0111,MB0109
FL21-MB-0211,MB0110
FL21-MB-0311,MB0111
FL21-MB-0411,MB0113
FL21-MB-0511,MB0118
FL21-MB-0611,MB0119
FL21-MB-0711,MB0120
FL21-MB-0811,MB0121
FL21-MB-0911,MB0122
FL21-MB-1011,MB0123
FL21-MB-0112,MB0124
FL21-MB-0212,MB0125
FL21-MB-0312,MB0126
FL21-MB-0512,MB0127
FL21-MB-0612,MB0130
FL21-MB-0712,MB0132
FL21-MB-0812,MB0133
FL21-MB-0912,MB0134
FL21-MB-1012,MB0135
FL21-MB-0113,MB0140
FL21-MB-0213,MB0141
FL21-MB-0313,MB0142
FL21-MB-0413,MB0143
FL21-MB-0513,MB0144
FL21-MB-0613,MB0146
FL21-MB-0713,MB0147
FL21-MB-0813,MB0148
FL21-MB-0913,MB0149
FL21-MB-1013,MB0150
FL21-MB-0114,MB0151
FL21-MB-0214,MB0152
FL21-MB-0314,MB0153
FL21-MB-0414,MB0154
FL21-MB-0514,MB0155
FL21-MB-0614,MB0156
FL21-MB-0714,MB0158
FL21-MB-0814,MB0159
FL21-MB-0914,MB0160
FL21-MB-1014,MB0161
FL21-MB-0115,MB0162
FL21-MB-0315,MB0163
FL21-MB-0415,MB0164
FL21-MB-0515,MB0165
FL21-MB-0615,MB0167
FL21-MB-0715,MB0168
FL21-MB-0815,MB0169
FL21-MB-0915,MB0170
FL21-MB-1015,MB0171
FL21-MB-0116,MB0172
FL21-MB-0216,MB0173
FL21-MB-0316,MB0174
FL21-MB-0416,MB0175
FL21-MB-0516,MB0176
FL21-MB-0616,MB0177
FL21-MB-0716,MB0178
FL21-MB-0816,MB0179
FL21-MB-1016,MB0180
FL21-MB-0117,MB0181
FL21-MB-0217,MB0182
FL21-MB-0317,MB0183
FL21-MB-0417,MB0185
FL21-MB-0517,MB0186
FL21-MB-0617,MB0187
FL21-MB-0717,MB0190
FL21-MB-0817,MB0191
FL21-MB-0917,MB0192
FL21-MB-1017,MB0193
FL21-MB-0118,MB0194
FL21-MB-0218,MB0195
FL21-MB-0318,MB0196
FL21-MB-0418,MB0197
FL21-MB-0518,MB0198
FL21-MB-0618,MB0199
FL21-MB-0718,MB0201
FL21-MB-0818,MB0202
FL21-MB-0918,MB0203
FL21-MB-1018,MB0204
FL21-MB-0119,MB0205
FL21-MB-0219,MB0207
FL21-MB-0319,MB0208
FL21-MB-0519,MB0209
FL21-MB-0619,MB0210
FL21-MB-0719,MB0211
FL21-MB-0819,MB0212
FL21-MB-0919,MB0213
FL21-MB-1019,MB0214
FL21-MB-0120,MB0215
FL21-MB-0220,MB0217
FL21-MB-0320,MB0218
FL21-MB-0420,MB0219
FL21-MB-0520,MB0220
FL21-MB-0620,MB0223
FL21-MB-0720,MB0224
FL21-MB-0820,MB0225
FL21-MB-0920,MB0226
FL21-MB-1020,MB0227
FL21-MB-0121,MB0228
FL21-MB-0221,MB0229
FL21-MB-0321,MB0230
FL21-MB-0421,MB0231
FL21-MB-0521,MB0232
FL21-MB-0621,MB0233
FL21-MB-0721,MB0234
FL21-MB-0821,MB0235
FL21-MB-0921,MB0236
FL21-MB-1021,MB0237
FL21-MB-0122,MB0238
FL21-MB-0222,MB0239
FL21-MB-0322,MB0240
FL21-MB-0422,MB0241
FL21-MB-0522,MB0242
FL21-MB-0622,MB0243
FL21-MB-0822,MB0244
FL21-MB-0922,MB0246
FL21-MB-1022,MB0247
FL21-MB-0123,MB0248
FL21-MB-0223,MB0249
FL21-MB-0323,MB0250
FL21-MB-0423,MB0251
FL21-MB-0523,MB0252
FL21-MB-0623,MB0253
FL21-MB-0723,MB0254
FL21-MB-0823,MB0255
FL21-MB-0923,MB0256
FL21-MB-1023,MB0257
FL21-MB-0124,MB0258
FL21-MB-0224,MB0259
FL21-MB-0324,MB0260
FL21-MB-0424,MB0261
FL21-MB-0524,MB0262
FL21-MB-0624,MB0263
FL21-MB-0724,MB0265
FL21-MB-0824,MB0266
FL21-MB-0924,MB0267
FL21-MB-1024,MB0269
FL21-MB-0125,MB0270
FL21-MB-0225,MB0273
FL21-MB-0325,MB0274
FL21-MB-0425,MB0275
FL21-MB-0525,MB0276
FL21-MB-0625,MB0277
FL21-MB-0725,MB0278
FL21-MB-0825,MB0279
FL21-MB-0925,MB0281
FL21-MB-1025,MB0282
FL21-MB-0126,MB0283
FL21-MB-0326,MB0284
FL21-MB-0426,MB0285
FL21-MB-0526,MB0288
FL21-MB-0626,MB0289
FL21-MB-0726,MB0290
FL21-MB-0826,MB0291
FL21-MB-0926,MB0293
FL21-MB-1026,MB0294
FL21-MB-0127,MB0295
FL21-MB-0227,MB0296
FL21-MB-0327,MB0299
FL21-MB-0427,MB0300
FL21-MB-0527,MB0301
FL21-MB-0627,MB0302
FL21-MB-0727,MB0303
FL21-MB-0827,MB0304
FL21-MB-0927,MB0305
FL21-MB-1027,MB0306
FL21-MB-1102,MB0307
FL21-MB-1202,MB0310
FL21-MB-1302,MB0311
FL21-MB-1402,MB0312
FL21-MB-1502,MB0313
FL21-MB-1602,MB0314
FL21-MB-1702,MB0317
FL21-MB-1802,MB0318
FL21-MB-1902,MB0320
FL21-MB-1103,MB0321
FL21-MB-1203,MB0322
FL21-MB-1303,MB0323
FL21-MB-1403,MB0324
FL21-MB-1503,MB0325
FL21-MB-1603,MB0327
FL21-MB-1703,MB0328
FL21-MB-1803,MB0329
FL21-MB-1903,MB0330
FL21-MB-2003,MB0331
FL21-MB-1104,MB0333
FL21-MB-1204,MB0334
FL21-MB-1304,MB0335
FL21-MB-1404,MB0336
FL21-MB-1504,MB0337
FL21-MB-1604,MB0338
FL21-MB-1704,MB0339
FL21-MB-1804,MB0341
FL21-MB-1904,MB0342
FL21-MB-2004,MB0343
FL21-MB-1105,MB0346
FL21-MB-1205,MB0347
FL21-MB-1305,MB0348
FL21-MB-1405,MB0349
FL21-MB-1605,MB0350
FL21-MB-1705,MB0351
FL21-MB-1805,MB0352
FL21-MB-1905,MB0353
FL21-MB-2005,MB0354
FL21-MB-1106,MB0356
FL21-MB-1206,MB0358
FL21-MB-1306,MB0359
FL21-MB-1406,MB0360
FL21-MB-1506,MB0361
FL21-MB-1606,MB0362
FL21-MB-1706,MB0363
FL21-MB-1806,MB0364
FL21-MB-1906,MB0365
FL21-MB-2006,MB0366
FL21-MB-1107,MB0367
FL21-MB-1207,MB0368
FL21-MB-1307,MB0369
FL21-MB-1407,MB0370
FL21-MB-1507,MB0371
FL21-MB-1607,MB0372
FL21-MB-1707,MB0374
FL21-MB-1807,MB0375
FL21-MB-1907,MB0376
FL21-MB-2007,MB0377
FL21-MB-1108,MB0378
FL21-MB-1208,MB0379
FL21-MB-1308,MB0380
FL21-MB-1508,MB0381
FL21-MB-1608,MB0382
FL21-MB-1708,MB0384
FL21-MB-1808,MB0385
FL21-MB-1908,MB0386
FL21-MB-2008,MB0389
FL21-MB-1109,MB0391
FL21-MB-1209,MB0392
FL21-MB-1309,MB0393
FL21-MB-1409,MB0394
FL21-MB-1509,MB0396
FL21-MB-1609,MB0399
FL21-MB-1709,MB0400
FL21-MB-1809,MB0401
FL21-MB-1909,MB0402
FL21-MB-2009,MB0403
FL21-MB-1110,MB0404
FL21-MB-1210,MB0408
FL21-MB-1310,MB0409
FL21-MB-1410,MB0410
FL21-MB-1510,MB0414
FL21-MB-1610,MB0415
FL21-MB-1710,MB0417
FL21-MB-1810,MB0418
FL21-MB-1910,MB0419
FL21-MB-1111,MB0420
FL21-MB-1211,MB0421
FL21-MB-1311,MB0422
FL21-MB-1411,MB0423
FL21-MB-1511,MB0426
FL21-MB-1611,MB0427
FL21-MB-1711,MB0428
FL21-MB-1811,MB0429
FL21-MB-1911,MB0432
FL21-MB-2011,MB0433
FL21-MB-1112,MB0435
FL21-MB-1212,MB0437
FL21-MB-1312,MB0438
FL21-MB-1412,MB0439
FL21-MB-1512,MB0443
FL21-MB-1612,MB0444
FL21-MB-1712,MB0446
FL21-MB-1812,MB0447
FL21-MB-1912,MB0450
FL21-MB-2012,MB0451
FL21-MB-1113,MB0453
FL21-MB-1213,MB0454
FL21-MB-1313,MB0455
FL21-MB-1413,MB0456
FL21-MB-1513,MB0458
FL21-MB-1613,MB0459
FL21-MB-1813,MB0461
FL21-MB-1913,MB0463
FL21-MB-2013,MB0466
FL21-MB-1114,MB0468
FL21-MB-1214,MB0473
FL21-MB-1314,MB0474
FL21-MB-1414,MB0475
FL21-MB-1514,MB0479
FL21-MB-1614,MB0480
FL21-MB-1714,MB0481
FL21-MB-1814,MB0486
FL21-MB-1914,MB0488
FL21-MB-2014,MB0489
FL21-MB-1115,MB0490
FL21-MB-1215,MB0491
FL21-MB-1315,MB0494
FL21-MB-1415,MB0495
FL21-MB-1515,MB0498
FL21-MB-1615,MB0499
FL21-MB-1715,MB0501
FL21-MB-1815,MB0502
FL21-MB-1915,MB0504
FL21-MB-2015,MB0506
FL21-MB-1116,MB0507
FL21-MB-1216,MB0508
FL21-MB-1316,MB0509
FL21-MB-1416,MB0511
FL21-MB-1516,MB0512
FL21-MB-1616,MB0514
FL21-MB-1816,MB0516
FL21-MB-1916,MB0517
FL21-MB-2016,MB0521
FL21-MB-1117,MB0522
FL21-MB-1217,MB0523
FL21-MB-1317,MB0524
FL21-MB-1417,MB0526
FL21-MB-1517,MB0532
FL21-MB-1617,MB0538
FL21-MB-1717,MB0547
FL21-MB-1817,MB0551
FL21-MB-1917,MB0552
FL21-MB-2017,MB0554
FL21-MB-1118,MB0557
FL21-MB-1218,MB0559
FL21-MB-1318,MB0562
FL21-MB-1418,MB0567
FL21-MB-1518,MB0568
FL21-MB-1618,MB0571
FL21-MB-1718,MB0573
FL21-MB-1818,MB0574
FL21-MB-1918,MB0575
FL21-MB-2018,MB0577
FL21-MB-1119,MB0578
FL21-MB-1219,MB0579
FL21-MB-1419,MB0581
FL21-MB-1519,MB0582
FL21-MB-1619,MB0583
FL21-MB-1719,MB0584
FL21-MB-1819,MB0586
FL21-MB-1919,MB0589
FL21-MB-2019,MB0591
FL21-MB-1120,MB0592
FL21-MB-1220,MB0593
FL21-MB-1320,MB0595
FL21-MB-1420,MB0596
FL21-MB-1520,MB0597
FL21-MB-1620,MB0598
FL21-MB-1720,MB0600
FL21-MB-1820,MB0603
FL21-MB-1920,MB0604
FL21-MB-2020,MB0605
FL21-MB-1121,MB0606
FL21-MB-1221,MB0608
FL21-MB-1321,MB0609
FL21-MB-1421,MB0610
FL21-MB-1521,MB0611
FL21-MB-1621,MB0612
FL21-MB-1721,MB0613
FL21-MB-1821,MB0614
FL21-MB-1921,MB0617
FL21-MB-2021,MB0618
FL21-MB-1122,MB0619
FL21-MB-1222,MB0621
FL21-MB-1322,MB0622
FL21-MB-1422,MB0626
FL21-MB-1522,MB0628
FL21-MB-1722,MB0630
FL21-MB-1822,MB0633
FL21-MB-1922,MB0634
FL21-MB-2022,MB0635
FL21-MB-1123,MB0636
FL21-MB-1223,MB0637
FL21-MB-1323,MB0638
FL21-MB-1423,MB0639
FL21-MB-1523,MB0640
FL21-MB-1623,MB0641
FL21-MB-1723,MB0642
FL21-MB-1823,MB0643
FL21-MB-1923,MB0644
FL21-MB-2023,MB0645
FL21-MB-1124,MB0646
FL21-MB-1224,MB0647
FL21-MB-1324,MB0648
FL21-MB-1424,MB0649
FL21-MB-1524,MB0650
FL21-MB-1724,MB0651
FL21-MB-1824,MB0652
FL21-MB-1924,MB0653
FL21-MB-2024,MB0654
FL21-MB-1125,MB0655
FL21-MB-1225,MB0656
FL21-MB-1325,MB0657
FL21-MB-1425,MB0658
FL21-MB-1525,MB0659
FL21-MB-1625,MB0660
FL21-MB-1725,MB0661
FL21-MB-1825,MB0662
FL21-MB-1925,MB0664
FL21-MB-2025,MB0665
FL21-MB-1126,MB0666
FL21-MB-1226,MB0667
FL21-MB-1326,MB0668
FL21-MB-1426,MB0669
FL21-MB-1526,MB0670
FL21-MB-1626,MB0671
FL21-MB-1726,MB0672
FL21-MB-1826,MB0673
FL21-MB-1926,MB0674
FL21-MB-2026,MB0675
FL21-MB-1127,MB0676
FL21-MB-1227,MB0677
FL21-MB-1327,MB0678
FL21-MB-1427,MB0680
FL21-MB-1527,MB0681
FL21-MB-1627,MB0682
FL21-MB-1727,MB0683
FL21-MB-1927,MB0685
FL21-MB-2027,MB0686
FL21-MB-2102,MB0687
FL21-MB-2202,MB0689
FL21-MB-2302,MB0690
FL21-MB-2402,MB0691
FL21-MB-2502,MB0692
FL21-MB-2602,MB0693
FL21-MB-2702,MB0696
FL21-MB-2802,MB0697
FL21-MB-2902,MB0698
FL21-MB-3002,MB0699
FL21-MB-2103,MB0700
FL21-MB-2203,MB0701
FL21-MB-2403,MB0702
FL21-MB-2503,MB0703
FL21-MB-2603,MB0705
FL21-MB-2703,MB0706
FL21-MB-2803,MB0707
FL21-MB-2903,MB0708
FL21-MB-3003,MB0709
FL21-MB-2104,MB0710
FL21-MB-2204,MB0712
FL21-MB-2304,MB0713
FL21-MB-2404,MB0714
FL21-MB-2504,MB0717
FL21-MB-2604,MB0718
FL21-MB-2704,MB0719
FL21-MB-2804,MB0720
FL21-MB-2904,MB0721
FL21-MB-3004,MB0722
FL21-MB-2105,MB0723
FL21-MB-2205,MB0724
FL21-MB-2305,MB0725
FL21-MB-2405,MB0726
FL21-MB-2505,MB0727
FL21-MB-2605,MB0728
FL21-MB-2705,MB0729
FL21-MB-2805,MB0732
FL21-MB-2905,MB0733
FL21-MB-3005,MB0734
FL21-MB-2206,MB0738
FL21-MB-2306,MB0740
FL21-MB-2406,MB0742
FL21-MB-2506,MB0743
FL21-MB-2606,MB0744
FL21-MB-2706,MB0745
FL21-MB-2806,MB0746
FL21-MB-2906,MB0749
FL21-MB-3006,MB0756
FL21-MB-2107,MB0757
FL21-MB-2207,MB0760
FL21-MB-2307,MB0761
FL21-MB-2407,MB0762
FL21-MB-2507,MB0770
FL21-MB-2607,MB0771
FL21-MB-2707,MB0775
FL21-MB-2807,MB0779
FL21-MB-2907,MB0781
FL21-MB-3007,MB0782
FL21-MB-2108,MB0783
FL21-MB-2208,MB0785
FL21-MB-2308,MB0786
FL21-MB-2408,MB0787
FL21-MB-2508,MB0788
FL21-MB-2608,MB0792
FL21-MB-2708,MB0793
FL21-MB-2808,MB0794
FL21-MB-2908,MB0795
FL21-MB-3008,MB0797
FL21-MB-2109,MB0798
FL21-MB-2309,MB0799
FL21-MB-2409,MB0800
FL21-MB-2509,MB0801
FL21-MB-2609,MB0803
FL21-MB-2709,MB0804
FL21-MB-2809,MB0805
FL21-MB-2909,MB0806
FL21-MB-3009,MB0807
FL21-MB-2110,MB0809
FL21-MB-2210,MB0810
FL21-MB-2310,MB0811
FL21-MB-2410,MB0813
FL21-MB-2510,MB0814
FL21-MB-2610,MB0815
FL21-MB-2710,MB0816
FL21-MB-2810,MB0817
FL21-MB-2910,MB0818
FL21-MB-3010,MB0819
FL21-MB-2111,MB0820
FL21-MB-2211,MB0821
FL21-MB-2411,MB0822
FL21-MB-2511,MB0825
FL21-MB-2611,MB0826
FL21-MB-2711,MB0827
FL21-MB-2811,MB0830
FL21-MB-2911,MB0831
FL21-MB-3011,MB0832
FL21-MB-2112,MB0833
FL21-MB-2212,MB0834
FL21-MB-2312,MB0836
FL21-MB-2412,MB0837
FL21-MB-2512,MB0838
FL21-MB-2612,MB0839
FL21-MB-2712,MB0847
FL21-MB-2812,MB0848
FL21-MB-2912,MB0849
FL21-MB-3012,MB0851
FL21-MB-2113,MB0853
FL21-MB-2213,MB0854
FL21-MB-2313,MB0859
FL21-MB-2413,MB0861
FL21-MB-2513,MB0862
FL21-MB-2713,MB0867
FL21-MB-2813,MB0870
FL21-MB-2913,MB0871
FL21-MB-3013,MB0872
FL21-MB-2114,MB0875
FL21-MB-2214,MB0885
FL21-MB-2314,MB0887
FL21-MB-2414,MB0888
FL21-MB-2514,MB0889
FL21-MB-2614,MB0891
FL21-MB-2714,MB0893
FL21-MB-2814,MB0896
FL21-MB-2914,MB0897
FL21-MB-3014,MB0899
FL21-MB-2115,MB0900
FL21-MB-2215,MB0901
FL21-MB-2415,MB0902
FL21-MB-2515,MB0903
FL21-MB-2615,MB0904
FL21-MB-2715,MB0905
FL21-MB-2815,MB0906
FL21-MB-2915,MB0907
FL21-MB-3015,MB0908
FL21-MB-2116,MB0909
FL21-MB-2216,MB0911
FL21-MB-2316,MB0912
FL21-MB-2416,MB0913
FL21-MB-2516,MB0914
FL21-MB-2616,MB0916
FL21-MB-2716,MB0917
FL21-MB-2816,MB0918
FL21-MB-2916,MB0920
FL21-MB-3016,MB0921
FL21-MB-2117,MB0922
FL21-MB-2217,MB0923
FL21-MB-2317,MB0926
FL21-MB-2417,MB0928
FL21-MB-2517,MB0929
FL21-MB-2617,MB0930
FL21-MB-2717,MB0931
FL21-MB-2817,MB0933
FL21-MB-3017,MB0934
FL21-MB-2118,MB0935
FL21-MB-2218,MB0936
FL21-MB-2318,MB0937
FL21-MB-2418,MB0940
FL21-MB-2518,MB0941
FL21-MB-2618,MB0942
FL21-MB-2718,MB0943
FL21-MB-2818,MB0944
FL21-MB-2918,MB0945
FL21-MB-3018,MB0946
FL21-MB-2119,MB0947
FL21-MB-2219,MB0948
FL21-MB-2319,MB0949
FL21-MB-2419,MB0950
FL21-MB-2519,MB0951
FL21-MB-2619,MB0955
FL21-MB-2719,MB0956
FL21-MB-2819,MB0957
FL21-MB-2919,MB0959
FL21-MB-3019,MB0960
FL21-MB-2120,MB0962
FL21-MB-2220,MB0963
FL21-MB-2320,MB0964
FL21-MB-2420,MB0965
FL21-MB-2520,MB0966
FL21-MB-2620,MB0967
FL21-MB-2720,MB0968
FL21-MB-2920,MB0969
FL21-MB-3020,MB0970
FL21-MB-2121,MB0971
FL21-MB-2221,MB0973
FL21-MB-2321,MB0974
FL21-MB-2421,MB0977
FL21-MB-2521,MB0978
FL21-MB-2621,MB0979
FL21-MB-2721,MB0980
FL21-MB-2821,MB0982
FL21-MB-2921,MB0983
FL21-MB-3021,MB0984
FL21-MB-2122,MB0986
FL21-MB-2222,MB0987
FL21-MB-2322,MB0992
FL21-MB-2422,MB0993
FL21-MB-2522,MB0994
FL21-MB-2622,MB0995
FL21-MB-2722,MB0996
FL21-MB-2822,MB0997
FL21-MB-2922,MB1000
FL21-MB-3022,MB1001
FL21-MB-2123,MB1002
FL21-MB-2223,MB1003
FL21-MB-2423,MB1004
FL21-MB-2523,MB1005
FL21-MB-2623,MB1006
FL21-MB-2723,MB1007
FL21-MB-2823,MB1008
FL21-MB-2923,MB1009
FL21-MB-0215,SC0605_1
FL21-MB-0226,BTXARG1_1
FL21-MB-0310,SC630_1
FL21-MB-0722,BTX642_1
FL21-MB-1622,SC0605_2
FL21-MB-1713,SC0605_3
FL21-MB-2209,SC0605_4
FL21-MB-2315,SC0605_5
FL21-MB-0412,SC0605_6
FL21-MB-0307,BTXARG1_2
FL21-MB-1505,BTXARG1_3
FL21-MB-1716,BTXARG1_4
FL21-MB-2106,BTXARG1_5
FL21-MB-2820,BTXARG1_6
FL21-MB-0916,SC630_2
FL21-MB-1624,SC630_3
FL21-MB-2002,SC630_4
FL21-MB-2311,SC630_5
FL21-MB-2725,SC630_6
FL21-MB-0808,BTX642_2
FL21-MB-1408,BTX642_3
FL21-MB-1827,BTX642_4
FL21-MB-2303,BTX642_5
FL21-MB-2917,BTX642_6
