marker,chr,pos
S1_353629,1,0.353629
S1_427641,1,0.427641
S1_427671,1,0.427671
S1_750016,1,0.750016
S1_763647,1,0.763647
S1_815877,1,0.815877
S1_863786,1,0.863786
S1_873998,1,0.873998
S1_943526,1,0.943526
S1_960125,1,0.960125
S1_1205155,1,1.20515
S1_1362348,1,1.36235
S1_1521174,1,1.52117
S1_1562451,1,1.56245
S1_1585069,1,1.58507
S1_2143949,1,2.14395
S1_2167466,1,2.16747
S1_2341773,1,2.34177
S1_2469596,1,2.4696
S1_2643907,1,2.64391
S1_2663099,1,2.6631
S1_2717909,1,2.71791
S1_2770735,1,2.77074
S1_2805880,1,2.80588
S1_2807739,1,2.80774
S1_3149303,1,3.1493
S1_3263010,1,3.26301
S1_3756450,1,3.75645
S1_3892803,1,3.8928
S1_4153403,1,4.1534
S1_4161383,1,4.16138
S1_4227614,1,4.22761
S1_4477249,1,4.47725
S1_4717313,1,4.71731
S1_5220171,1,5.22017
S1_5321405,1,5.32141
S1_5323285,1,5.32329
S1_5361453,1,5.36145
S1_5429076,1,5.42908
S1_6088163,1,6.08816
S1_6379411,1,6.37941
S1_6707340,1,6.70734
S1_6707352,1,6.70735
S1_6803784,1,6.80378
S1_6831412,1,6.83141
S1_6970755,1,6.97075
S1_7016631,1,7.01663
S1_7194330,1,7.19433
S1_7271149,1,7.27115
S1_7507961,1,7.50796
S1_7910728,1,7.91073
S1_7957871,1,7.95787
S1_7957896,1,7.9579
S1_7995466,1,7.99547
S1_8734670,1,8.73467
S1_8744655,1,8.74465
S1_8744681,1,8.74468
S1_9459523,1,9.45952
S1_9803189,1,9.80319
S1_9807891,1,9.80789
S1_9818537,1,9.81854
S1_9848524,1,9.84852
S1_9899323,1,9.89932
S1_10105472,1,10.1055
S1_10263937,1,10.2639
S1_10681745,1,10.6817
S1_10690360,1,10.6904
S1_11111972,1,11.112
S1_11168732,1,11.1687
S1_11204259,1,11.2043
S1_11641480,1,11.6415
S1_12100950,1,12.1009
S1_12272010,1,12.272
S1_12704571,1,12.7046
S1_12815127,1,12.8151
S1_12815140,1,12.8151
S1_12918746,1,12.9187
S1_12962879,1,12.9629
S1_13093240,1,13.0932
S1_13193540,1,13.1935
S1_13228467,1,13.2285
S1_13228523,1,13.2285
S1_13331159,1,13.3312
S1_13413634,1,13.4136
S1_13534079,1,13.5341
S1_13594185,1,13.5942
S1_14544184,1,14.5442
S1_14555080,1,14.5551
S1_14605315,1,14.6053
S1_14783274,1,14.7833
S1_14783310,1,14.7833
S1_14784897,1,14.7849
S1_14870912,1,14.8709
S1_14963817,1,14.9638
S1_14968266,1,14.9683
S1_15030104,1,15.0301
S1_15200194,1,15.2002
S1_15200247,1,15.2002
S1_15265787,1,15.2658
S1_15413995,1,15.414
S1_15775324,1,15.7753
S1_16605785,1,16.6058
S1_17095424,1,17.0954
S1_17680136,1,17.6801
S1_17752623,1,17.7526
S1_17752675,1,17.7527
S1_17826968,1,17.827
S1_18222746,1,18.2227
S1_18894148,1,18.8941
S1_18898763,1,18.8988
S1_19060490,1,19.0605
S1_19694712,1,19.6947
S1_19713316,1,19.7133
S1_20002838,1,20.0028
S1_20266229,1,20.2662
S1_21225439,1,21.2254
S1_21911571,1,21.9116
S1_22061358,1,22.0614
S1_22279031,1,22.279
S1_22279044,1,22.279
S1_22449468,1,22.4495
S1_22477322,1,22.4773
S1_22823135,1,22.8231
S1_23124334,1,23.1243
S1_23964230,1,23.9642
S1_23971179,1,23.9712
S1_24202326,1,24.2023
S1_25619342,1,25.6193
S1_25853452,1,25.8535
S1_26019040,1,26.019
S1_26122186,1,26.1222
S1_26335239,1,26.3352
S1_26335285,1,26.3353
S1_26385299,1,26.3853
S1_27184081,1,27.1841
S1_27262569,1,27.2626
S1_27391407,1,27.3914
S1_27391422,1,27.3914
S1_27391424,1,27.3914
S1_27979870,1,27.9799
S1_29224078,1,29.2241
S1_29224080,1,29.2241
S1_29775131,1,29.7751
S1_31018199,1,31.0182
S1_31025245,1,31.0252
S1_32231092,1,32.2311
S1_32417036,1,32.417
S1_32793069,1,32.7931
S1_33166849,1,33.1668
S1_33166861,1,33.1669
S1_33203824,1,33.2038
S1_33242334,1,33.2423
S1_33869934,1,33.8699
S1_38555359,1,38.5554
S1_39008622,1,39.0086
S1_39109682,1,39.1097
S1_45646522,1,45.6465
S1_45646531,1,45.6465
S1_46627168,1,46.6272
S1_46787286,1,46.7873
S1_46791830,1,46.7918
S1_47801858,1,47.8019
S1_48494132,1,48.4941
S1_49486189,1,49.4862
S1_50256618,1,50.2566
S1_50256965,1,50.257
S1_50333788,1,50.3338
S1_50575907,1,50.5759
S1_51065473,1,51.0655
S1_51537677,1,51.5377
S1_51631814,1,51.6318
S1_51680233,1,51.6802
S1_52100966,1,52.101
S1_52226871,1,52.2269
S1_52645498,1,52.6455
S1_53803146,1,53.8031
S1_53805468,1,53.8055
S1_54278686,1,54.2787
S1_55069723,1,55.0697
S1_55503078,1,55.5031
S1_55881858,1,55.8819
S1_55885614,1,55.8856
S1_56399686,1,56.3997
S1_56547792,1,56.5478
S1_56798097,1,56.7981
S1_56902078,1,56.9021
S1_57129284,1,57.1293
S1_57187297,1,57.1873
S1_57195066,1,57.1951
S1_57575969,1,57.576
S1_57950939,1,57.9509
S1_58037882,1,58.0379
S1_58045113,1,58.0451
S1_58232183,1,58.2322
S1_58232198,1,58.2322
S1_58247825,1,58.2478
S1_58374693,1,58.3747
S1_58379297,1,58.3793
S1_58515774,1,58.5158
S1_58515805,1,58.5158
S1_58558178,1,58.5582
S1_58671281,1,58.6713
S1_58854359,1,58.8544
S1_58934961,1,58.935
S1_58934977,1,58.935
S1_59139973,1,59.14
S1_60060611,1,60.0606
S1_60091072,1,60.0911
S1_60104456,1,60.1045
S1_60270374,1,60.2704
S1_60270385,1,60.2704
S1_60395810,1,60.3958
S1_60486947,1,60.4869
S1_60644318,1,60.6443
S1_60644333,1,60.6443
S1_60720036,1,60.72
S1_60872554,1,60.8726
S1_60902874,1,60.9029
S1_60902895,1,60.9029
S1_60981603,1,60.9816
S1_60996273,1,60.9963
S1_61001771,1,61.0018
S1_61022314,1,61.0223
S1_61140437,1,61.1404
S1_61163701,1,61.1637
S1_61552795,1,61.5528
S1_61722072,1,61.7221
S1_61783733,1,61.7837
S1_61853734,1,61.8537
S1_62935903,1,62.9359
S1_62936358,1,62.9364
S1_63011131,1,63.0111
S1_63337002,1,63.337
S1_63555382,1,63.5554
S1_63782734,1,63.7827
S1_63874204,1,63.8742
S1_63874230,1,63.8742
S1_63950928,1,63.9509
S1_63950946,1,63.9509
S1_64143945,1,64.1439
S1_64144396,1,64.1444
S1_64166421,1,64.1664
S1_64388548,1,64.3885
S1_64635736,1,64.6357
S1_64668233,1,64.6682
S1_64668265,1,64.6683
S1_64738133,1,64.7381
S1_64754214,1,64.7542
S1_64794884,1,64.7949
S1_65046460,1,65.0465
S1_65147087,1,65.1471
S1_65272296,1,65.2723
S1_65276291,1,65.2763
S1_65279181,1,65.2792
S1_65623348,1,65.6233
S1_65623385,1,65.6234
S1_65676461,1,65.6765
S1_65742542,1,65.7425
S1_65829536,1,65.8295
S1_65831748,1,65.8317
S1_65882827,1,65.8828
S1_66203558,1,66.2036
S1_66335071,1,66.3351
S1_66374069,1,66.3741
S1_66413583,1,66.4136
S1_66516982,1,66.517
S1_66717688,1,66.7177
S1_66717712,1,66.7177
S1_66721899,1,66.7219
S1_66721940,1,66.7219
S1_66775709,1,66.7757
S1_66887542,1,66.8875
S1_66954057,1,66.9541
S1_66964653,1,66.9647
S1_67187636,1,67.1876
S1_67269457,1,67.2695
S1_67269472,1,67.2695
S1_67269473,1,67.2695
S1_67328833,1,67.3288
S1_67487045,1,67.487
S1_67594570,1,67.5946
S1_67668362,1,67.6684
S1_67843758,1,67.8438
S1_67918443,1,67.9184
S1_67918455,1,67.9185
S1_67986746,1,67.9867
S1_67998909,1,67.9989
S1_68393818,1,68.3938
S1_68484376,1,68.4844
S1_68521146,1,68.5211
S1_68715990,1,68.716
S1_68799023,1,68.799
S1_68891971,1,68.892
S1_69299238,1,69.2992
S1_69366893,1,69.3669
S1_69400643,1,69.4006
S1_69439680,1,69.4397
S1_69898367,1,69.8984
S1_69943781,1,69.9438
S1_69957941,1,69.9579
S1_70082162,1,70.0822
S1_70129823,1,70.1298
S1_70636692,1,70.6367
S1_70658868,1,70.6589
S1_70660282,1,70.6603
S1_70732119,1,70.7321
S1_70782062,1,70.7821
S1_70821702,1,70.8217
S1_70937429,1,70.9374
S1_71003685,1,71.0037
S1_71205394,1,71.2054
S1_71320809,1,71.3208
S1_71664209,1,71.6642
S1_72009420,1,72.0094
S1_72170280,1,72.1703
S1_72283709,1,72.2837
S1_72331966,1,72.332
S1_72353180,1,72.3532
S1_72472059,1,72.4721
S1_72472090,1,72.4721
S1_72902648,1,72.9026
S1_73015394,1,73.0154
S1_73307156,1,73.3072
S1_73335981,1,73.336
S1_73517879,1,73.5179
S1_73517924,1,73.5179
S1_73545096,1,73.5451
S1_73655534,1,73.6555
S1_73656429,1,73.6564
S1_73667951,1,73.668
S1_73672976,1,73.673
S1_73740299,1,73.7403
S1_73867697,1,73.8677
S1_73898483,1,73.8985
S1_73898506,1,73.8985
S1_73926676,1,73.9267
S1_73944835,1,73.9448
S1_73954929,1,73.9549
S1_74036572,1,74.0366
S1_74209977,1,74.21
S1_74232855,1,74.2329
S1_74305101,1,74.3051
S1_74368301,1,74.3683
S1_74449263,1,74.4493
S1_74559716,1,74.5597
S1_74615233,1,74.6152
S1_74877556,1,74.8776
S1_74887071,1,74.8871
S1_75068074,1,75.0681
S1_75092941,1,75.0929
S1_75159459,1,75.1595
S1_75159806,1,75.1598
S1_75180434,1,75.1804
S1_75416225,1,75.4162
S1_75416270,1,75.4163
S1_75494789,1,75.4948
S1_75513108,1,75.5131
S1_75629991,1,75.63
S1_75630033,1,75.63
S1_75742970,1,75.743
S1_75827323,1,75.8273
S1_76106629,1,76.1066
S1_76107182,1,76.1072
S1_76171159,1,76.1712
S1_76174728,1,76.1747
S1_76290265,1,76.2903
S1_76467053,1,76.4671
S1_76809820,1,76.8098
S1_76809846,1,76.8098
S1_76971009,1,76.971
S1_77048477,1,77.0485
S1_77214422,1,77.2144
S1_77663386,1,77.6634
S1_77745794,1,77.7458
S1_77987487,1,77.9875
S1_78037193,1,78.0372
S1_78038856,1,78.0389
S1_78100650,1,78.1007
S1_78412303,1,78.4123
S1_78482691,1,78.4827
S1_78577048,1,78.577
S1_78709483,1,78.7095
S1_78709515,1,78.7095
S1_78718619,1,78.7186
S1_78784280,1,78.7843
S1_78914475,1,78.9145
S1_79287985,1,79.288
S1_79469293,1,79.4693
S1_79574167,1,79.5742
S1_79576506,1,79.5765
S1_79591370,1,79.5914
S1_79645158,1,79.6452
S1_79667114,1,79.6671
S1_79832116,1,79.8321
S1_79888559,1,79.8886
S1_79890739,1,79.8907
S1_79991863,1,79.9919
S1_80093617,1,80.0936
S2_327442,2,0.327442
S2_592801,2,0.592801
S2_745602,2,0.745602
S2_925934,2,0.925934
S2_976674,2,0.976674
S2_1228667,2,1.22867
S2_1304350,2,1.30435
S2_1415713,2,1.41571
S2_1415718,2,1.41572
S2_1452773,2,1.45277
S2_1482138,2,1.48214
S2_1573621,2,1.57362
S2_1573656,2,1.57366
S2_1577506,2,1.57751
S2_1613556,2,1.61356
S2_1627621,2,1.62762
S2_1696612,2,1.69661
S2_1754475,2,1.75448
S2_1869252,2,1.86925
S2_1889432,2,1.88943
S2_2181016,2,2.18102
S2_2181025,2,2.18102
S2_2234887,2,2.23489
S2_2241025,2,2.24103
S2_2332743,2,2.33274
S2_2605555,2,2.60555
S2_2691209,2,2.69121
S2_2732604,2,2.7326
S2_3046616,2,3.04662
S2_3055838,2,3.05584
S2_3276217,2,3.27622
S2_3327894,2,3.32789
S2_3725422,2,3.72542
S2_3839781,2,3.83978
S2_3944454,2,3.94445
S2_4114111,2,4.11411
S2_4160134,2,4.16013
S2_4165738,2,4.16574
S2_4244470,2,4.24447
S2_4460912,2,4.46091
S2_4837733,2,4.83773
S2_4837742,2,4.83774
S2_4838636,2,4.83864
S2_4966489,2,4.96649
S2_4974919,2,4.97492
S2_4977797,2,4.9778
S2_5104801,2,5.1048
S2_5377535,2,5.37753
S2_5562458,2,5.56246
S2_5624969,2,5.62497
S2_5624978,2,5.62498
S2_5768870,2,5.76887
S2_6027251,2,6.02725
S2_6028613,2,6.02861
S2_6028619,2,6.02862
S2_6103731,2,6.10373
S2_6154789,2,6.15479
S2_6154806,2,6.15481
S2_6182449,2,6.18245
S2_6401052,2,6.40105
S2_6468329,2,6.46833
S2_6574694,2,6.57469
S2_6738538,2,6.73854
S2_6778692,2,6.77869
S2_6845044,2,6.84504
S2_6955488,2,6.95549
S2_6955504,2,6.9555
S2_7109118,2,7.10912
S2_7329369,2,7.32937
S2_7399514,2,7.39951
S2_7569870,2,7.56987
S2_8245901,2,8.2459
S2_8415142,2,8.41514
S2_8432753,2,8.43275
S2_8696094,2,8.69609
S2_8698792,2,8.69879
S2_8729302,2,8.7293
S2_8896651,2,8.89665
S2_8906003,2,8.906
S2_9018286,2,9.01829
S2_9032606,2,9.03261
S2_9469279,2,9.46928
S2_9664472,2,9.66447
S2_9806737,2,9.80674
S2_9806769,2,9.80677
S2_9843439,2,9.84344
S2_9944239,2,9.94424
S2_11012822,2,11.0128
S2_11177111,2,11.1771
S2_11482500,2,11.4825
S2_11515620,2,11.5156
S2_11999734,2,11.9997
S2_12032032,2,12.032
S2_12099005,2,12.099
S2_12114425,2,12.1144
S2_12132121,2,12.1321
S2_12165292,2,12.1653
S2_12256733,2,12.2567
S2_12647262,2,12.6473
S2_12647312,2,12.6473
S2_12757267,2,12.7573
S2_13174834,2,13.1748
S2_13188820,2,13.1888
S2_13274867,2,13.2749
S2_13732330,2,13.7323
S2_13876643,2,13.8766
S2_14265998,2,14.266
S2_14484167,2,14.4842
S2_14834169,2,14.8342
S2_14838456,2,14.8385
S2_14962073,2,14.9621
S2_15037707,2,15.0377
S2_15135563,2,15.1356
S2_15372314,2,15.3723
S2_16160264,2,16.1603
S2_16270330,2,16.2703
S2_16397334,2,16.3973
S2_16813616,2,16.8136
S2_17122932,2,17.1229
S2_17429429,2,17.4294
S2_17706183,2,17.7062
S2_17706210,2,17.7062
S2_18923877,2,18.9239
S2_19825620,2,19.8256
S2_19851021,2,19.851
S2_20511047,2,20.511
S2_21428264,2,21.4283
S2_21882491,2,21.8825
S2_22074503,2,22.0745
S2_22997672,2,22.9977
S2_24996642,2,24.9966
S2_24996676,2,24.9967
S2_26854179,2,26.8542
S2_27760480,2,27.7605
S2_29958888,2,29.9589
S2_31137170,2,31.1372
S2_39339556,2,39.3396
S2_40423175,2,40.4232
S2_41366670,2,41.3667
S2_41809078,2,41.8091
S2_42207175,2,42.2072
S2_45764457,2,45.7645
S2_47648195,2,47.6482
S2_49675755,2,49.6758
S2_49743398,2,49.7434
S2_49921036,2,49.921
S2_50495875,2,50.4959
S2_51678838,2,51.6788
S2_54468301,2,54.4683
S2_54487547,2,54.4875
S2_54519372,2,54.5194
S2_54519449,2,54.5194
S2_54567298,2,54.5673
S2_54567359,2,54.5674
S2_54971435,2,54.9714
S2_55513690,2,55.5137
S2_55513699,2,55.5137
S2_55532413,2,55.5324
S2_55834711,2,55.8347
S2_55962124,2,55.9621
S2_56084974,2,56.085
S2_56084998,2,56.085
S2_56166676,2,56.1667
S2_56343827,2,56.3438
S2_56343840,2,56.3438
S2_56531409,2,56.5314
S2_56587005,2,56.587
S2_56949537,2,56.9495
S2_56970143,2,56.9701
S2_57031580,2,57.0316
S2_57514769,2,57.5148
S2_57544497,2,57.5445
S2_57544682,2,57.5447
S2_57739929,2,57.7399
S2_58104636,2,58.1046
S2_58107327,2,58.1073
S2_58325659,2,58.3257
S2_58608296,2,58.6083
S2_58636752,2,58.6368
S2_58877057,2,58.8771
S2_58939334,2,58.9393
S2_58941422,2,58.9414
S2_59000946,2,59.0009
S2_59000966,2,59.001
S2_59003765,2,59.0038
S2_59202176,2,59.2022
S2_59486805,2,59.4868
S2_59587041,2,59.587
S2_59660414,2,59.6604
S2_59745645,2,59.7456
S2_59978293,2,59.9783
S2_60094960,2,60.095
S2_60115981,2,60.116
S2_60135224,2,60.1352
S2_60385372,2,60.3854
S2_60585561,2,60.5856
S2_60778049,2,60.778
S2_60781402,2,60.7814
S2_60919768,2,60.9198
S2_61007754,2,61.0078
S2_61140113,2,61.1401
S2_61254604,2,61.2546
S2_61653953,2,61.654
S2_61688151,2,61.6882
S2_61829541,2,61.8295
S2_61831655,2,61.8317
S2_61922273,2,61.9223
S2_61922281,2,61.9223
S2_61922283,2,61.9223
S2_62129660,2,62.1297
S2_62129881,2,62.1299
S2_62303620,2,62.3036
S2_62303646,2,62.3036
S2_62330875,2,62.3309
S2_62406373,2,62.4064
S2_62525776,2,62.5258
S2_62811310,2,62.8113
S2_63263719,2,63.2637
S2_63386922,2,63.3869
S2_64151019,2,64.151
S2_64151041,2,64.151
S2_64268856,2,64.2689
S2_64282462,2,64.2825
S2_64436133,2,64.4361
S2_64447102,2,64.4471
S2_64514387,2,64.5144
S2_64852500,2,64.8525
S2_65127404,2,65.1274
S2_65611101,2,65.6111
S2_65666571,2,65.6666
S2_65776055,2,65.7761
S2_65797590,2,65.7976
S2_65856216,2,65.8562
S2_66066889,2,66.0669
S2_66210018,2,66.21
S2_66421207,2,66.4212
S2_66457852,2,66.4579
S2_66470064,2,66.4701
S2_66474270,2,66.4743
S2_66585414,2,66.5854
S2_66605824,2,66.6058
S2_66615804,2,66.6158
S2_66616018,2,66.616
S2_66934580,2,66.9346
S2_66938815,2,66.9388
S2_66941465,2,66.9415
S2_66941484,2,66.9415
S2_67205009,2,67.205
S2_67256885,2,67.2569
S2_67285076,2,67.2851
S2_67343093,2,67.3431
S2_67364439,2,67.3644
S2_67378996,2,67.379
S2_67379011,2,67.379
S2_67455811,2,67.4558
S2_67572879,2,67.5729
S2_67673707,2,67.6737
S2_67673716,2,67.6737
S2_67690981,2,67.691
S2_67700789,2,67.7008
S2_67792591,2,67.7926
S2_67848171,2,67.8482
S2_68225976,2,68.226
S2_68229012,2,68.229
S2_68236894,2,68.2369
S2_68339921,2,68.3399
S2_68521477,2,68.5215
S2_68535164,2,68.5352
S2_68604113,2,68.6041
S2_68604115,2,68.6041
S2_68873822,2,68.8738
S2_69037834,2,69.0378
S2_69055669,2,69.0557
S2_69086530,2,69.0865
S2_69223415,2,69.2234
S2_69271970,2,69.272
S2_69337520,2,69.3375
S2_69337551,2,69.3376
S2_69337567,2,69.3376
S2_69338048,2,69.338
S2_69362162,2,69.3622
S2_69370611,2,69.3706
S2_69472852,2,69.4729
S2_69651174,2,69.6512
S2_69705070,2,69.7051
S2_69746018,2,69.746
S2_69988336,2,69.9883
S2_69988370,2,69.9884
S2_70115190,2,70.1152
S2_70120679,2,70.1207
S2_70120681,2,70.1207
S2_70121351,2,70.1214
S2_70200029,2,70.2
S2_70210084,2,70.2101
S2_70407592,2,70.4076
S2_70439444,2,70.4394
S2_70522375,2,70.5224
S2_70530831,2,70.5308
S2_71343728,2,71.3437
S2_71452479,2,71.4525
S2_71813335,2,71.8133
S2_72118472,2,72.1185
S2_72154904,2,72.1549
S2_72180912,2,72.1809
S2_72189179,2,72.1892
S2_72417730,2,72.4177
S2_72487786,2,72.4878
S2_72619189,2,72.6192
S2_72699245,2,72.6992
S2_72880606,2,72.8806
S2_73315022,2,73.315
S2_73399947,2,73.3999
S2_73480239,2,73.4802
S2_73552986,2,73.553
S2_73562457,2,73.5625
S2_73674392,2,73.6744
S2_73960438,2,73.9604
S2_74021008,2,74.021
S2_74028374,2,74.0284
S2_74189909,2,74.1899
S2_74510744,2,74.5107
S2_74551842,2,74.5518
S2_75347427,2,75.3474
S2_75460187,2,75.4602
S2_75590376,2,75.5904
S2_76020180,2,76.0202
S2_76615597,2,76.6156
S2_76815586,2,76.8156
S2_76888560,2,76.8886
S2_76888590,2,76.8886
S2_77240514,2,77.2405
S2_77262006,2,77.262
S2_77524560,2,77.5246
S3_199199,3,0.199199
S3_199208,3,0.199208
S3_569696,3,0.569696
S3_570029,3,0.570029
S3_1227967,3,1.22797
S3_1428987,3,1.42899
S3_1440058,3,1.44006
S3_1458905,3,1.4589
S3_1479177,3,1.47918
S3_1818920,3,1.81892
S3_2122514,3,2.12251
S3_2356997,3,2.357
S3_2418367,3,2.41837
S3_2462987,3,2.46299
S3_2476269,3,2.47627
S3_2540858,3,2.54086
S3_2646094,3,2.64609
S3_2708345,3,2.70835
S3_2892996,3,2.893
S3_2933109,3,2.93311
S3_2984872,3,2.98487
S3_3015723,3,3.01572
S3_3161420,3,3.16142
S3_3244419,3,3.24442
S3_3297779,3,3.29778
S3_3387870,3,3.38787
S3_3512414,3,3.51241
S3_3546660,3,3.54666
S3_3614347,3,3.61435
S3_3674832,3,3.67483
S3_3888534,3,3.88853
S3_3953728,3,3.95373
S3_4003821,3,4.00382
S3_4170255,3,4.17026
S3_4293460,3,4.29346
S3_4479321,3,4.47932
S3_4684504,3,4.6845
S3_4696703,3,4.6967
S3_4711925,3,4.71192
S3_4725397,3,4.7254
S3_4731717,3,4.73172
S3_4735516,3,4.73552
S3_4787268,3,4.78727
S3_4826619,3,4.82662
S3_5408441,3,5.40844
S3_5527898,3,5.5279
S3_5576005,3,5.57601
S3_5590961,3,5.59096
S3_5740164,3,5.74016
S3_5741747,3,5.74175
S3_5788200,3,5.7882
S3_6013004,3,6.013
S3_6341669,3,6.34167
S3_6540741,3,6.54074
S3_6793463,3,6.79346
S3_7160823,3,7.16082
S3_7160840,3,7.16084
S3_7164940,3,7.16494
S3_7202214,3,7.20221
S3_7202450,3,7.20245
S3_7362767,3,7.36277
S3_7460711,3,7.46071
S3_7507766,3,7.50777
S3_7507787,3,7.50779
S3_7510573,3,7.51057
S3_7510580,3,7.51058
S3_7729642,3,7.72964
S3_7845261,3,7.84526
S3_7851918,3,7.85192
S3_7894304,3,7.8943
S3_7930187,3,7.93019
S3_7980082,3,7.98008
S3_8038445,3,8.03844
S3_8115331,3,8.11533
S3_8200863,3,8.20086
S3_8200869,3,8.20087
S3_8231516,3,8.23152
S3_8317425,3,8.31743
S3_8377807,3,8.37781
S3_8392142,3,8.39214
S3_8403192,3,8.40319
S3_8457092,3,8.45709
S3_8526555,3,8.52656
S3_8567520,3,8.56752
S3_8635826,3,8.63583
S3_8925589,3,8.92559
S3_8999645,3,8.99964
S3_9190683,3,9.19068
S3_9257373,3,9.25737
S3_9272338,3,9.27234
S3_9497549,3,9.49755
S3_10025729,3,10.0257
S3_10200977,3,10.201
S3_10228109,3,10.2281
S3_10569324,3,10.5693
S3_10736240,3,10.7362
S3_10784354,3,10.7844
S3_11126909,3,11.1269
S3_11134192,3,11.1342
S3_11278699,3,11.2787
S3_11461983,3,11.462
S3_11590807,3,11.5908
S3_11849694,3,11.8497
S3_11867966,3,11.868
S3_12009829,3,12.0098
S3_12201103,3,12.2011
S3_12309366,3,12.3094
S3_12518197,3,12.5182
S3_12536235,3,12.5362
S3_12602280,3,12.6023
S3_12774988,3,12.775
S3_13098806,3,13.0988
S3_13195836,3,13.1958
S3_13633038,3,13.633
S3_13653927,3,13.6539
S3_13885036,3,13.885
S3_13908307,3,13.9083
S3_14062391,3,14.0624
S3_14062655,3,14.0627
S3_14167757,3,14.1678
S3_14765575,3,14.7656
S3_14932696,3,14.9327
S3_15187170,3,15.1872
S3_15762124,3,15.7621
S3_15763530,3,15.7635
S3_15763579,3,15.7636
S3_15883680,3,15.8837
S3_16811671,3,16.8117
S3_17307611,3,17.3076
S3_17755649,3,17.7556
S3_18407491,3,18.4075
S3_18561345,3,18.5613
S3_18561349,3,18.5613
S3_19935844,3,19.9358
S3_20061484,3,20.0615
S3_21013574,3,21.0136
S3_22077243,3,22.0772
S3_22597608,3,22.5976
S3_22597623,3,22.5976
S3_22597636,3,22.5976
S3_23939954,3,23.94
S3_24588693,3,24.5887
S3_25800514,3,25.8005
S3_25800515,3,25.8005
S3_26352230,3,26.3522
S3_26438633,3,26.4386
S3_27789940,3,27.7899
S3_27897795,3,27.8978
S3_28210566,3,28.2106
S3_28210616,3,28.2106
S3_30529782,3,30.5298
S3_30670941,3,30.6709
S3_31588668,3,31.5887
S3_32307064,3,32.3071
S3_32757016,3,32.757
S3_38101797,3,38.1018
S3_40178248,3,40.1782
S3_40462531,3,40.4625
S3_40997940,3,40.9979
S3_40997969,3,40.998
S3_41758472,3,41.7585
S3_41763829,3,41.7638
S3_42086254,3,42.0863
S3_42474471,3,42.4745
S3_43166453,3,43.1665
S3_43166481,3,43.1665
S3_44005308,3,44.0053
S3_44346812,3,44.3468
S3_44384511,3,44.3845
S3_44384703,3,44.3847
S3_45296162,3,45.2962
S3_45555129,3,45.5551
S3_45636086,3,45.6361
S3_46146880,3,46.1469
S3_47222528,3,47.2225
S3_47278169,3,47.2782
S3_47436912,3,47.4369
S3_47448023,3,47.448
S3_47561228,3,47.5612
S3_48116297,3,48.1163
S3_48694462,3,48.6945
S3_50892006,3,50.892
S3_51098072,3,51.0981
S3_51162538,3,51.1625
S3_51246921,3,51.2469
S3_51323628,3,51.3236
S3_51323660,3,51.3237
S3_51345144,3,51.3451
S3_51399238,3,51.3992
S3_51443850,3,51.4438
S3_51898073,3,51.8981
S3_51927194,3,51.9272
S3_51927249,3,51.9272
S3_52011752,3,52.0118
S3_52669238,3,52.6692
S3_52858929,3,52.8589
S3_53228682,3,53.2287
S3_53231647,3,53.2316
S3_53403980,3,53.404
S3_53548138,3,53.5481
S3_53567710,3,53.5677
S3_53634938,3,53.6349
S3_53959704,3,53.9597
S3_54121034,3,54.121
S3_54182408,3,54.1824
S3_54241595,3,54.2416
S3_54372233,3,54.3722
S3_55049879,3,55.0499
S3_55078791,3,55.0788
S3_55299494,3,55.2995
S3_55442548,3,55.4425
S3_55488893,3,55.4889
S3_55488913,3,55.4889
S3_55682231,3,55.6822
S3_55891219,3,55.8912
S3_56065247,3,56.0652
S3_56079575,3,56.0796
S3_56084116,3,56.0841
S3_56129740,3,56.1297
S3_56289377,3,56.2894
S3_56296045,3,56.296
S3_56559331,3,56.5593
S3_56756008,3,56.756
S3_57028481,3,57.0285
S3_57131771,3,57.1318
S3_57177830,3,57.1778
S3_57177860,3,57.1779
S3_57187030,3,57.187
S3_57206312,3,57.2063
S3_57208998,3,57.209
S3_57244898,3,57.2449
S3_57267780,3,57.2678
S3_57360666,3,57.3607
S3_57496732,3,57.4967
S3_57670403,3,57.6704
S3_57771134,3,57.7711
S3_57966067,3,57.9661
S3_58306144,3,58.3061
S3_58433150,3,58.4331
S3_58479260,3,58.4793
S3_58479270,3,58.4793
S3_58515118,3,58.5151
S3_58580153,3,58.5802
S3_58580174,3,58.5802
S3_58719550,3,58.7195
S3_58724270,3,58.7243
S3_58724300,3,58.7243
S3_58844160,3,58.8442
S3_58974910,3,58.9749
S3_59185347,3,59.1853
S3_59346352,3,59.3464
S3_59604055,3,59.6041
S3_59747622,3,59.7476
S3_59778515,3,59.7785
S3_59990061,3,59.9901
S3_59990067,3,59.9901
S3_60105410,3,60.1054
S3_60248884,3,60.2489
S3_60263099,3,60.2631
S3_60823139,3,60.8231
S3_60826012,3,60.826
S3_60882908,3,60.8829
S3_61553507,3,61.5535
S3_61553583,3,61.5536
S3_61660712,3,61.6607
S3_61973745,3,61.9737
S3_62183188,3,62.1832
S3_62435697,3,62.4357
S3_62667163,3,62.6672
S3_62820583,3,62.8206
S3_62837711,3,62.8377
S3_62925334,3,62.9253
S3_63702221,3,63.7022
S3_63972320,3,63.9723
S3_64076523,3,64.0765
S3_64079138,3,64.0791
S3_64131395,3,64.1314
S3_64199458,3,64.1995
S3_64235669,3,64.2357
S3_64246193,3,64.2462
S3_64250211,3,64.2502
S3_64329887,3,64.3299
S3_64783242,3,64.7832
S3_64796794,3,64.7968
S3_64796814,3,64.7968
S3_64995198,3,64.9952
S3_65331783,3,65.3318
S3_65453818,3,65.4538
S3_65668125,3,65.6681
S3_65668149,3,65.6681
S3_65807381,3,65.8074
S3_66002103,3,66.0021
S3_66065260,3,66.0653
S3_66083500,3,66.0835
S3_66377711,3,66.3777
S3_66583278,3,66.5833
S3_66826251,3,66.8263
S3_66906412,3,66.9064
S3_66971798,3,66.9718
S3_67150627,3,67.1506
S3_67500408,3,67.5004
S3_67500466,3,67.5005
S3_67523402,3,67.5234
S3_67617048,3,67.617
S3_67640509,3,67.6405
S3_67948240,3,67.9482
S3_68161984,3,68.162
S3_68416386,3,68.4164
S3_68416993,3,68.417
S3_68520406,3,68.5204
S3_68619398,3,68.6194
S3_68619435,3,68.6194
S3_68830862,3,68.8309
S3_68831521,3,68.8315
S3_68873964,3,68.874
S3_68873996,3,68.874
S3_68917284,3,68.9173
S3_69573798,3,69.5738
S3_69731520,3,69.7315
S3_69749004,3,69.749
S3_69771211,3,69.7712
S3_69789617,3,69.7896
S3_69789637,3,69.7896
S3_69829313,3,69.8293
S3_69847298,3,69.8473
S3_69970337,3,69.9703
S3_70015681,3,70.0157
S3_70367581,3,70.3676
S3_70461539,3,70.4615
S3_70468180,3,70.4682
S3_70501285,3,70.5013
S3_70501311,3,70.5013
S3_70684059,3,70.6841
S3_70690857,3,70.6909
S3_70744969,3,70.745
S3_70810001,3,70.81
S3_70818340,3,70.8183
S3_70931230,3,70.9312
S3_70944613,3,70.9446
S3_70966482,3,70.9665
S3_70968679,3,70.9687
S3_70988194,3,70.9882
S3_71067257,3,71.0673
S3_71068791,3,71.0688
S3_71234158,3,71.2342
S3_71273197,3,71.2732
S3_71276992,3,71.277
S3_71307399,3,71.3074
S3_71448364,3,71.4484
S3_71534839,3,71.5348
S3_71684573,3,71.6846
S3_72224473,3,72.2245
S3_72273485,3,72.2735
S3_72284339,3,72.2843
S3_72311393,3,72.3114
S3_72322424,3,72.3224
S3_72505120,3,72.5051
S3_72527780,3,72.5278
S3_72578424,3,72.5784
S3_72593010,3,72.593
S3_72627657,3,72.6277
S3_72630320,3,72.6303
S3_72792090,3,72.7921
S3_72847357,3,72.8474
S3_72847359,3,72.8474
S3_73124772,3,73.1248
S3_73159702,3,73.1597
S3_73161808,3,73.1618
S3_73272999,3,73.273
S3_73287738,3,73.2877
S3_73513256,3,73.5133
S3_73630650,3,73.6307
S3_73830157,3,73.8302
S3_73881860,3,73.8819
S3_73968343,3,73.9683
S3_74059839,3,74.0598
S3_74100243,3,74.1002
S3_74100247,3,74.1002
S3_74102863,3,74.1029
S3_74130722,3,74.1307
S3_74171196,3,74.1712
S4_278879,4,0.278879
S4_560991,4,0.560991
S4_803466,4,0.803466
S4_899994,4,0.899994
S4_1007717,4,1.00772
S4_1479809,4,1.47981
S4_1479842,4,1.47984
S4_1498869,4,1.49887
S4_1558455,4,1.55845
S4_1558855,4,1.55886
S4_1687103,4,1.6871
S4_1972768,4,1.97277
S4_2068806,4,2.06881
S4_2180476,4,2.18048
S4_2210139,4,2.21014
S4_2210178,4,2.21018
S4_2560742,4,2.56074
S4_2665910,4,2.66591
S4_2718183,4,2.71818
S4_2801430,4,2.80143
S4_3417905,4,3.41791
S4_3531606,4,3.53161
S4_4297011,4,4.29701
S4_4838904,4,4.8389
S4_4868944,4,4.86894
S4_5283190,4,5.28319
S4_5356091,4,5.35609
S4_5780494,4,5.78049
S4_5972573,4,5.97257
S4_6397420,4,6.39742
S4_6474433,4,6.47443
S4_6504873,4,6.50487
S4_6712073,4,6.71207
S4_7093322,4,7.09332
S4_7191980,4,7.19198
S4_7267863,4,7.26786
S4_7270793,4,7.27079
S4_7603897,4,7.6039
S4_8028518,4,8.02852
S4_8141682,4,8.14168
S4_8209815,4,8.20982
S4_8209849,4,8.20985
S4_8229997,4,8.23
S4_8244940,4,8.24494
S4_8546280,4,8.54628
S4_8672064,4,8.67206
S4_8689333,4,8.68933
S4_8827097,4,8.8271
S4_8881963,4,8.88196
S4_8955552,4,8.95555
S4_8959406,4,8.95941
S4_8973925,4,8.97392
S4_9027158,4,9.02716
S4_9027207,4,9.02721
S4_9310906,4,9.31091
S4_9332372,4,9.33237
S4_9402196,4,9.4022
S4_9689287,4,9.68929
S4_9807565,4,9.80757
S4_9903257,4,9.90326
S4_10016855,4,10.0169
S4_10206643,4,10.2066
S4_10395336,4,10.3953
S4_10402101,4,10.4021
S4_10402140,4,10.4021
S4_10429324,4,10.4293
S4_10429378,4,10.4294
S4_10429387,4,10.4294
S4_10640007,4,10.64
S4_10657796,4,10.6578
S4_10960285,4,10.9603
S4_11117788,4,11.1178
S4_11188681,4,11.1887
S4_11236155,4,11.2362
S4_11400333,4,11.4003
S4_11407721,4,11.4077
S4_11587450,4,11.5875
S4_12160544,4,12.1605
S4_12465679,4,12.4657
S4_12713017,4,12.713
S4_12732355,4,12.7324
S4_12812547,4,12.8125
S4_12828239,4,12.8282
S4_13191332,4,13.1913
S4_13414114,4,13.4141
S4_13677770,4,13.6778
S4_13987259,4,13.9873
S4_14194208,4,14.1942
S4_14194249,4,14.1942
S4_14686829,4,14.6868
S4_14701024,4,14.701
S4_16050848,4,16.0508
S4_16411969,4,16.412
S4_16413312,4,16.4133
S4_17110463,4,17.1105
S4_17110470,4,17.1105
S4_17429608,4,17.4296
S4_17957326,4,17.9573
S4_17957341,4,17.9573
S4_18886082,4,18.8861
S4_19724498,4,19.7245
S4_19733505,4,19.7335
S4_19797193,4,19.7972
S4_20259244,4,20.2592
S4_21795137,4,21.7951
S4_21923598,4,21.9236
S4_23694944,4,23.6949
S4_23694956,4,23.695
S4_23720424,4,23.7204
S4_24068900,4,24.0689
S4_26986925,4,26.9869
S4_33002941,4,33.0029
S4_33026747,4,33.0267
S4_33026758,4,33.0268
S4_33026781,4,33.0268
S4_33383910,4,33.3839
S4_35697634,4,35.6976
S4_35970950,4,35.971
S4_35976236,4,35.9762
S4_36015679,4,36.0157
S4_36015687,4,36.0157
S4_36139350,4,36.1394
S4_38498157,4,38.4982
S4_38656407,4,38.6564
S4_39018329,4,39.0183
S4_39068680,4,39.0687
S4_39068687,4,39.0687
S4_39246309,4,39.2463
S4_40054080,4,40.0541
S4_41205831,4,41.2058
S4_41519241,4,41.5192
S4_41562269,4,41.5623
S4_41646521,4,41.6465
S4_42119383,4,42.1194
S4_42120784,4,42.1208
S4_42120812,4,42.1208
S4_43332847,4,43.3328
S4_43695724,4,43.6957
S4_43695786,4,43.6958
S4_43702251,4,43.7023
S4_44844788,4,44.8448
S4_45399394,4,45.3994
S4_45574693,4,45.5747
S4_46752263,4,46.7523
S4_46812429,4,46.8124
S4_47813836,4,47.8138
S4_47813839,4,47.8138
S4_47813852,4,47.8139
S4_48382075,4,48.3821
S4_48382090,4,48.3821
S4_50118432,4,50.1184
S4_50462261,4,50.4623
S4_50573046,4,50.573
S4_50982836,4,50.9828
S4_51050914,4,51.0509
S4_51358186,4,51.3582
S4_51475577,4,51.4756
S4_51475684,4,51.4757
S4_51739476,4,51.7395
S4_51754322,4,51.7543
S4_51998769,4,51.9988
S4_52132661,4,52.1327
S4_52348019,4,52.348
S4_52404329,4,52.4043
S4_52404369,4,52.4044
S4_52410260,4,52.4103
S4_52587390,4,52.5874
S4_53757768,4,53.7578
S4_53816387,4,53.8164
S4_53833101,4,53.8331
S4_53847050,4,53.8471
S4_53858436,4,53.8584
S4_53937390,4,53.9374
S4_54112278,4,54.1123
S4_54309833,4,54.3098
S4_54496080,4,54.4961
S4_54518972,4,54.519
S4_54682676,4,54.6827
S4_55015721,4,55.0157
S4_55078485,4,55.0785
S4_55085345,4,55.0853
S4_55462081,4,55.4621
S4_55580602,4,55.5806
S4_55581045,4,55.581
S4_55762926,4,55.7629
S4_55862186,4,55.8622
S4_55907089,4,55.9071
S4_56120409,4,56.1204
S4_56120414,4,56.1204
S4_56145781,4,56.1458
S4_56317682,4,56.3177
S4_56379864,4,56.3799
S4_56516228,4,56.5162
S4_56530460,4,56.5305
S4_56829682,4,56.8297
S4_57209399,4,57.2094
S4_57245800,4,57.2458
S4_57294863,4,57.2949
S4_57429540,4,57.4295
S4_57762136,4,57.7621
S4_57821086,4,57.8211
S4_58051710,4,58.0517
S4_58056641,4,58.0566
S4_58080846,4,58.0808
S4_58285783,4,58.2858
S4_58378919,4,58.3789
S4_58551060,4,58.5511
S4_58595900,4,58.5959
S4_58929158,4,58.9292
S4_59126884,4,59.1269
S4_59316885,4,59.3169
S4_59630381,4,59.6304
S4_59657000,4,59.657
S4_59714840,4,59.7148
S4_60176087,4,60.1761
S4_60237923,4,60.2379
S4_60237955,4,60.238
S4_60254246,4,60.2542
S4_60344553,4,60.3446
S4_60739674,4,60.7397
S4_60884353,4,60.8844
S4_60915628,4,60.9156
S4_61016922,4,61.0169
S4_61325171,4,61.3252
S4_61905920,4,61.9059
S4_62139308,4,62.1393
S4_62270677,4,62.2707
S4_62302235,4,62.3022
S4_62370577,4,62.3706
S4_62594706,4,62.5947
S4_62731172,4,62.7312
S4_62848396,4,62.8484
S4_62981095,4,62.9811
S4_63012698,4,63.0127
S4_63074031,4,63.074
S4_63328393,4,63.3284
S4_63349571,4,63.3496
S4_63641312,4,63.6413
S4_63932739,4,63.9327
S4_63952181,4,63.9522
S4_64017487,4,64.0175
S4_64030391,4,64.0304
S4_64585290,4,64.5853
S4_64670631,4,64.6706
S4_64744811,4,64.7448
S4_64783376,4,64.7834
S4_65069434,4,65.0694
S4_65150631,4,65.1506
S4_65319718,4,65.3197
S4_65533395,4,65.5334
S4_65543805,4,65.5438
S4_65543820,4,65.5438
S4_65590405,4,65.5904
S4_65753767,4,65.7538
S4_65758775,4,65.7588
S4_65816715,4,65.8167
S4_66051727,4,66.0517
S4_66100375,4,66.1004
S4_66474998,4,66.475
S4_66484081,4,66.4841
S4_66549961,4,66.55
S4_66854743,4,66.8547
S4_67031055,4,67.0311
S4_67094896,4,67.0949
S4_67118663,4,67.1187
S4_67183779,4,67.1838
S4_67300920,4,67.3009
S4_67511817,4,67.5118
S4_67644579,4,67.6446
S4_67692240,4,67.6922
S4_67771281,4,67.7713
S4_67814122,4,67.8141
S4_67814125,4,67.8141
S4_67989412,4,67.9894
S4_67989892,4,67.9899
S4_67989893,4,67.9899
S4_68084278,4,68.0843
S4_68096331,4,68.0963
S4_68237645,4,68.2376
S4_68278765,4,68.2788
S4_68341693,4,68.3417
S4_68471726,4,68.4717
S5_156614,5,0.156614
S5_291201,5,0.291201
S5_482447,5,0.482447
S5_627701,5,0.627701
S5_627769,5,0.627769
S5_1052160,5,1.05216
S5_1179223,5,1.17922
S5_1504092,5,1.50409
S5_1512542,5,1.51254
S5_1586219,5,1.58622
S5_1676625,5,1.67663
S5_1818552,5,1.81855
S5_1913256,5,1.91326
S5_1926720,5,1.92672
S5_1950589,5,1.95059
S5_2097759,5,2.09776
S5_2200532,5,2.20053
S5_2252327,5,2.25233
S5_2262720,5,2.26272
S5_2343851,5,2.34385
S5_2344975,5,2.34497
S5_2384278,5,2.38428
S5_2384372,5,2.38437
S5_2494963,5,2.49496
S5_2588266,5,2.58827
S5_2617566,5,2.61757
S5_2626311,5,2.62631
S5_2648491,5,2.64849
S5_2694593,5,2.69459
S5_2917107,5,2.91711
S5_3108221,5,3.10822
S5_3108651,5,3.10865
S5_3153941,5,3.15394
S5_3217477,5,3.21748
S5_3450090,5,3.45009
S5_3468430,5,3.46843
S5_3517365,5,3.51736
S5_3517423,5,3.51742
S5_3589742,5,3.58974
S5_3613371,5,3.61337
S5_3859405,5,3.85941
S5_4053767,5,4.05377
S5_4180764,5,4.18076
S5_4211252,5,4.21125
S5_4393052,5,4.39305
S5_4467457,5,4.46746
S5_4509240,5,4.50924
S5_4875892,5,4.87589
S5_4906963,5,4.90696
S5_4936749,5,4.93675
S5_4936796,5,4.9368
S5_5015528,5,5.01553
S5_5131766,5,5.13177
S5_5209499,5,5.2095
S5_5358859,5,5.35886
S5_5610572,5,5.61057
S5_5695682,5,5.69568
S5_5709034,5,5.70903
S5_5838487,5,5.83849
S5_6084031,5,6.08403
S5_6264787,5,6.26479
S5_6455473,5,6.45547
S5_6532829,5,6.53283
S5_7194545,5,7.19454
S5_7278322,5,7.27832
S5_7340363,5,7.34036
S5_7340420,5,7.34042
S5_7357799,5,7.3578
S5_7600579,5,7.60058
S5_8037996,5,8.038
S5_8596893,5,8.59689
S5_8898553,5,8.89855
S5_9182888,5,9.18289
S5_9504865,5,9.50487
S5_9504871,5,9.50487
S5_9590500,5,9.5905
S5_10375498,5,10.3755
S5_10382333,5,10.3823
S5_10430360,5,10.4304
S5_10759412,5,10.7594
S5_10814315,5,10.8143
S5_11005037,5,11.005
S5_11005065,5,11.0051
S5_11778524,5,11.7785
S5_11875392,5,11.8754
S5_11876717,5,11.8767
S5_12238381,5,12.2384
S5_12321677,5,12.3217
S5_12321682,5,12.3217
S5_12327421,5,12.3274
S5_12492454,5,12.4925
S5_12492498,5,12.4925
S5_12603310,5,12.6033
S5_12999223,5,12.9992
S5_13320397,5,13.3204
S5_15716236,5,15.7162
S5_15728691,5,15.7287
S5_15795012,5,15.795
S5_15804536,5,15.8045
S5_16218363,5,16.2184
S5_16218412,5,16.2184
S5_16218605,5,16.2186
S5_16241475,5,16.2415
S5_16358872,5,16.3589
S5_16409602,5,16.4096
S5_16812867,5,16.8129
S5_18073556,5,18.0736
S5_18377985,5,18.378
S5_18771638,5,18.7716
S5_19758326,5,19.7583
S5_19861950,5,19.862
S5_20220317,5,20.2203
S5_20466953,5,20.467
S5_20544905,5,20.5449
S5_21251051,5,21.2511
S5_22028803,5,22.0288
S5_22370879,5,22.3709
S5_23445064,5,23.4451
S5_25196857,5,25.1969
S5_25305740,5,25.3057
S5_25335602,5,25.3356
S5_25949578,5,25.9496
S5_25949582,5,25.9496
S5_25985332,5,25.9853
S5_25985344,5,25.9853
S5_26238323,5,26.2383
S5_26734735,5,26.7347
S5_32238909,5,32.2389
S5_32735283,5,32.7353
S5_33745846,5,33.7458
S5_33945402,5,33.9454
S5_34220183,5,34.2202
S5_34429076,5,34.4291
S5_34470799,5,34.4708
S5_34490607,5,34.4906
S5_35332707,5,35.3327
S5_35332723,5,35.3327
S5_35631582,5,35.6316
S5_36473909,5,36.4739
S5_37512753,5,37.5128
S5_37660735,5,37.6607
S5_37660761,5,37.6608
S5_37908852,5,37.9089
S5_38572433,5,38.5724
S5_38945400,5,38.9454
S5_39166611,5,39.1666
S5_39539068,5,39.5391
S5_40149455,5,40.1495
S5_41503085,5,41.5031
S5_41503098,5,41.5031
S5_41991141,5,41.9911
S5_42668306,5,42.6683
S5_42753725,5,42.7537
S5_42957547,5,42.9575
S5_43737229,5,43.7372
S5_51222102,5,51.2221
S5_51222127,5,51.2221
S5_51638442,5,51.6384
S5_51655913,5,51.6559
S5_51748670,5,51.7487
S5_51750807,5,51.7508
S5_51790074,5,51.7901
S5_51808087,5,51.8081
S5_51830901,5,51.8309
S5_51883685,5,51.8837
S5_52020364,5,52.0204
S5_52039029,5,52.039
S5_53368101,5,53.3681
S5_53368127,5,53.3681
S5_53537008,5,53.537
S5_53759322,5,53.7593
S5_53764445,5,53.7644
S5_53828284,5,53.8283
S5_54112101,5,54.1121
S5_54475723,5,54.4757
S5_54493802,5,54.4938
S5_55301385,5,55.3014
S5_55301433,5,55.3014
S5_55770873,5,55.7709
S5_56746134,5,56.7461
S5_56860321,5,56.8603
S5_56954137,5,56.9541
S5_57206790,5,57.2068
S5_57246181,5,57.2462
S5_57717997,5,57.718
S5_58023115,5,58.0231
S5_58023122,5,58.0231
S5_58080256,5,58.0803
S5_58080287,5,58.0803
S5_58405018,5,58.405
S5_58574740,5,58.5747
S5_58731689,5,58.7317
S5_59332836,5,59.3328
S5_59654937,5,59.6549
S5_59655084,5,59.6551
S5_59844511,5,59.8445
S5_60300349,5,60.3003
S5_60371469,5,60.3715
S5_60462364,5,60.4624
S5_60599725,5,60.5997
S5_60710568,5,60.7106
S5_60710569,5,60.7106
S5_61210084,5,61.2101
S5_61251214,5,61.2512
S5_61301832,5,61.3018
S5_61301834,5,61.3018
S5_61632017,5,61.632
S5_61679709,5,61.6797
S5_61867631,5,61.8676
S5_61953682,5,61.9537
S5_62068649,5,62.0686
S5_62241697,5,62.2417
S5_62241949,5,62.2419
S5_62343835,5,62.3438
S5_62417903,5,62.4179
S5_62628916,5,62.6289
S5_62858211,5,62.8582
S5_63009469,5,63.0095
S5_63232264,5,63.2323
S5_63270108,5,63.2701
S5_63656635,5,63.6566
S5_63708156,5,63.7082
S5_63787945,5,63.7879
S5_63949981,5,63.95
S5_64030457,5,64.0305
S5_64401193,5,64.4012
S5_64657564,5,64.6576
S5_64985547,5,64.9855
S5_64998969,5,64.999
S5_65128246,5,65.1282
S5_65193929,5,65.1939
S5_65205692,5,65.2057
S5_65263224,5,65.2632
S5_65263249,5,65.2632
S5_65439987,5,65.44
S5_65451459,5,65.4515
S5_65451486,5,65.4515
S5_65519772,5,65.5198
S5_65654537,5,65.6545
S5_65706489,5,65.7065
S5_65772572,5,65.7726
S5_65880307,5,65.8803
S5_65927354,5,65.9274
S5_65978582,5,65.9786
S5_66049275,5,66.0493
S5_66225503,5,66.2255
S5_66366388,5,66.3664
S5_66373831,5,66.3738
S5_66373844,5,66.3738
S5_66462835,5,66.4628
S5_66811550,5,66.8115
S5_66979917,5,66.9799
S5_67091744,5,67.0917
S5_67091746,5,67.0917
S5_67114470,5,67.1145
S5_67551210,5,67.5512
S5_67600155,5,67.6002
S5_67607471,5,67.6075
S5_67705330,5,67.7053
S5_67864068,5,67.8641
S5_67968958,5,67.969
S5_68015992,5,68.016
S5_68052699,5,68.0527
S5_68052727,5,68.0527
S5_68052986,5,68.053
S5_68053008,5,68.053
S5_68079631,5,68.0796
S5_68079654,5,68.0797
S5_68385659,5,68.3857
S5_68556382,5,68.5564
S5_68964651,5,68.9647
S5_68964662,5,68.9647
S5_69038784,5,69.0388
S5_69155230,5,69.1552
S5_69161788,5,69.1618
S5_69863911,5,69.8639
S5_69863916,5,69.8639
S5_69864380,5,69.8644
S5_69890649,5,69.8906
S5_69918321,5,69.9183
S5_69984861,5,69.9849
S5_70119846,5,70.1198
S5_70134225,5,70.1342
S5_70134227,5,70.1342
S5_70256976,5,70.257
S5_70340843,5,70.3408
S5_70621739,5,70.6217
S5_70716991,5,70.717
S5_70806381,5,70.8064
S5_70806396,5,70.8064
S5_70828563,5,70.8286
S5_70928676,5,70.9287
S5_71134960,5,71.135
S5_71163931,5,71.1639
S5_71296221,5,71.2962
S6_340085,6,0.340085
S6_347617,6,0.347617
S6_556177,6,0.556177
S6_600729,6,0.600729
S6_806047,6,0.806047
S6_875966,6,0.875966
S6_917034,6,0.917034
S6_953241,6,0.953241
S6_1141263,6,1.14126
S6_1247387,6,1.24739
S6_1460349,6,1.46035
S6_1657119,6,1.65712
S6_1732803,6,1.7328
S6_1732808,6,1.73281
S6_1744468,6,1.74447
S6_1858790,6,1.85879
S6_2489915,6,2.48991
S6_2642493,6,2.64249
S6_3830178,6,3.83018
S6_4256623,6,4.25662
S6_6576608,6,6.57661
S6_7011436,6,7.01144
S6_7177105,6,7.17711
S6_8636076,6,8.63608
S6_8703885,6,8.70388
S6_10353377,6,10.3534
S6_10583083,6,10.5831
S6_10587151,6,10.5872
S6_11347187,6,11.3472
S6_11396866,6,11.3969
S6_11396871,6,11.3969
S6_11396905,6,11.3969
S6_11695126,6,11.6951
S6_13608964,6,13.609
S6_16041182,6,16.0412
S6_16272584,6,16.2726
S6_20394002,6,20.394
S6_31581294,6,31.5813
S6_31753935,6,31.7539
S6_31816128,6,31.8161
S6_31829479,6,31.8295
S6_33786941,6,33.7869
S6_33860298,6,33.8603
S6_35428018,6,35.428
S6_36006439,6,36.0064
S6_36528690,6,36.5287
S6_37771822,6,37.7718
S6_37932312,6,37.9323
S6_38178279,6,38.1783
S6_38407630,6,38.4076
S6_38730820,6,38.7308
S6_41475898,6,41.4759
S6_41603254,6,41.6033
S6_41637197,6,41.6372
S6_41637222,6,41.6372
S6_42455669,6,42.4557
S6_42885820,6,42.8858
S6_43242432,6,43.2424
S6_43527999,6,43.528
S6_43673764,6,43.6738
S6_44379276,6,44.3793
S6_44566493,6,44.5665
S6_44567594,6,44.5676
S6_44628662,6,44.6287
S6_45098778,6,45.0988
S6_45195844,6,45.1958
S6_45341466,6,45.3415
S6_45503335,6,45.5033
S6_46016091,6,46.0161
S6_46046410,6,46.0464
S6_46128599,6,46.1286
S6_46401257,6,46.4013
S6_46726921,6,46.7269
S6_47087917,6,47.0879
S6_47132785,6,47.1328
S6_47475332,6,47.4753
S6_47644081,6,47.6441
S6_47644147,6,47.6441
S6_47661888,6,47.6619
S6_47674369,6,47.6744
S6_47813529,6,47.8135
S6_47959174,6,47.9592
S6_48062195,6,48.0622
S6_48096888,6,48.0969
S6_48631710,6,48.6317
S6_49037014,6,49.037
S6_49135751,6,49.1358
S6_49229952,6,49.23
S6_49293020,6,49.293
S6_49434962,6,49.435
S6_49467147,6,49.4671
S6_49474628,6,49.4746
S6_49485124,6,49.4851
S6_49780320,6,49.7803
S6_50333927,6,50.3339
S6_50333944,6,50.3339
S6_50486369,6,50.4864
S6_50551459,6,50.5515
S6_50563146,6,50.5631
S6_50705777,6,50.7058
S6_50717338,6,50.7173
S6_50734136,6,50.7341
S6_50734181,6,50.7342
S6_50806204,6,50.8062
S6_50978047,6,50.978
S6_51132095,6,51.1321
S6_51333504,6,51.3335
S6_51338888,6,51.3389
S6_51338900,6,51.3389
S6_51407362,6,51.4074
S6_51477960,6,51.478
S6_51478099,6,51.4781
S6_51479686,6,51.4797
S6_51590704,6,51.5907
S6_51590711,6,51.5907
S6_51812182,6,51.8122
S6_51920046,6,51.92
S6_51920090,6,51.9201
S6_51920109,6,51.9201
S6_52406640,6,52.4066
S6_52419692,6,52.4197
S6_52440106,6,52.4401
S6_52658450,6,52.6585
S6_52658451,6,52.6585
S6_52964331,6,52.9643
S6_52978617,6,52.9786
S6_52978618,6,52.9786
S6_53015567,6,53.0156
S6_53144547,6,53.1445
S6_53305360,6,53.3054
S6_53460559,6,53.4606
S6_53556241,6,53.5562
S6_54186936,6,54.1869
S6_54186975,6,54.187
S6_54191375,6,54.1914
S6_54278096,6,54.2781
S6_54298205,6,54.2982
S6_55219573,6,55.2196
S6_55386227,6,55.3862
S6_55421720,6,55.4217
S6_55463353,6,55.4634
S6_55684366,6,55.6844
S6_55753395,6,55.7534
S6_55753434,6,55.7534
S6_55771669,6,55.7717
S6_56272182,6,56.2722
S6_56382934,6,56.3829
S6_56500927,6,56.5009
S6_56515402,6,56.5154
S6_56671698,6,56.6717
S6_56675225,6,56.6752
S6_56726407,6,56.7264
S6_56737857,6,56.7379
S6_56941546,6,56.9415
S6_56987812,6,56.9878
S6_57090934,6,57.0909
S6_57128825,6,57.1288
S6_57283029,6,57.283
S6_57818672,6,57.8187
S6_58230356,6,58.2304
S6_58426741,6,58.4267
S6_58572493,6,58.5725
S6_58681434,6,58.6814
S6_58764791,6,58.7648
S6_58902063,6,58.9021
S6_59157048,6,59.157
S6_59177153,6,59.1772
S6_59306961,6,59.307
S6_59335973,6,59.336
S6_59823966,6,59.824
S6_59860674,6,59.8607
S6_59959904,6,59.9599
S6_60027100,6,60.0271
S6_60089952,6,60.09
S6_60362699,6,60.3627
S6_60381769,6,60.3818
S6_60593908,6,60.5939
S6_60626005,6,60.626
S6_60971865,6,60.9719
S6_61207787,6,61.2078
S7_170122,7,0.170122
S7_365466,7,0.365466
S7_427459,7,0.427459
S7_427496,7,0.427496
S7_526446,7,0.526446
S7_547835,7,0.547835
S7_579067,7,0.579067
S7_602342,7,0.602342
S7_760347,7,0.760347
S7_778564,7,0.778564
S7_890860,7,0.89086
S7_1217287,7,1.21729
S7_1362290,7,1.36229
S7_1375966,7,1.37597
S7_2102345,7,2.10235
S7_2110463,7,2.11046
S7_2126090,7,2.12609
S7_2546482,7,2.54648
S7_2624982,7,2.62498
S7_2723652,7,2.72365
S7_2769083,7,2.76908
S7_2824337,7,2.82434
S7_2983479,7,2.98348
S7_3167975,7,3.16798
S7_3182614,7,3.18261
S7_3277947,7,3.27795
S7_3491263,7,3.49126
S7_3499940,7,3.49994
S7_3605172,7,3.60517
S7_3605205,7,3.60521
S7_3638928,7,3.63893
S7_3717499,7,3.7175
S7_3920867,7,3.92087
S7_4072193,7,4.07219
S7_4073961,7,4.07396
S7_4247294,7,4.24729
S7_4286417,7,4.28642
S7_4296687,7,4.29669
S7_4824498,7,4.8245
S7_4992257,7,4.99226
S7_5053495,7,5.05349
S7_5100057,7,5.10006
S7_5157044,7,5.15704
S7_5192424,7,5.19242
S7_5247883,7,5.24788
S7_5438446,7,5.43845
S7_5534276,7,5.53428
S7_5538759,7,5.53876
S7_6205954,7,6.20595
S7_6406155,7,6.40616
S7_6714709,7,6.71471
S7_6754737,7,6.75474
S7_6809613,7,6.80961
S7_6906825,7,6.90683
S7_6923958,7,6.92396
S7_7006768,7,7.00677
S7_7036482,7,7.03648
S7_7037218,7,7.03722
S7_7038258,7,7.03826
S7_7232309,7,7.23231
S7_7283451,7,7.28345
S7_7284235,7,7.28423
S7_7284240,7,7.28424
S7_7284257,7,7.28426
S7_7287877,7,7.28788
S7_7287891,7,7.28789
S7_7287913,7,7.28791
S7_7293646,7,7.29365
S7_7590276,7,7.59028
S7_7590890,7,7.59089
S7_7897303,7,7.8973
S7_7950844,7,7.95084
S7_7952668,7,7.95267
S7_8111418,7,8.11142
S7_8123230,7,8.12323
S7_8207780,7,8.20778
S7_8207796,7,8.2078
S7_8213974,7,8.21397
S7_8283122,7,8.28312
S7_8323007,7,8.32301
S7_8923590,7,8.92359
S7_9204794,7,9.20479
S7_9281144,7,9.28114
S7_9565001,7,9.565
S7_9917220,7,9.91722
S7_10088974,7,10.089
S7_10269457,7,10.2695
S7_10736067,7,10.7361
S7_10754987,7,10.755
S7_11918843,7,11.9188
S7_12210292,7,12.2103
S7_14139156,7,14.1392
S7_14198887,7,14.1989
S7_14995975,7,14.996
S7_17510621,7,17.5106
S7_17510623,7,17.5106
S7_17773946,7,17.7739
S7_23337098,7,23.3371
S7_26002734,7,26.0027
S7_37814261,7,37.8143
S7_38050236,7,38.0502
S7_39961385,7,39.9614
S7_40829154,7,40.8292
S7_41170565,7,41.1706
S7_43019817,7,43.0198
S7_45348339,7,45.3483
S7_49504035,7,49.504
S7_49515985,7,49.516
S7_49878327,7,49.8783
S7_49967747,7,49.9677
S7_50141277,7,50.1413
S7_51063122,7,51.0631
S7_51063143,7,51.0631
S7_51203725,7,51.2037
S7_51288526,7,51.2885
S7_51288561,7,51.2886
S7_51596171,7,51.5962
S7_51964035,7,51.964
S7_52275798,7,52.2758
S7_53018575,7,53.0186
S7_53168851,7,53.1689
S7_53170233,7,53.1702
S7_53449182,7,53.4492
S7_54324549,7,54.3245
S7_54377320,7,54.3773
S7_54553625,7,54.5536
S7_54553639,7,54.5536
S7_54682948,7,54.6829
S7_54683346,7,54.6833
S7_54761150,7,54.7612
S7_54788927,7,54.7889
S7_54815833,7,54.8158
S7_55209036,7,55.209
S7_55215805,7,55.2158
S7_55934430,7,55.9344
S7_55934436,7,55.9344
S7_55944567,7,55.9446
S7_55944619,7,55.9446
S7_55970552,7,55.9706
S7_56156275,7,56.1563
S7_56567182,7,56.5672
S7_57078053,7,57.0781
S7_57171864,7,57.1719
S7_57212229,7,57.2122
S7_57325612,7,57.3256
S7_57325705,7,57.3257
S7_57358285,7,57.3583
S7_57360093,7,57.3601
S7_57426534,7,57.4265
S7_57590737,7,57.5907
S7_58005721,7,58.0057
S7_58602616,7,58.6026
S7_59043199,7,59.0432
S7_59358897,7,59.3589
S7_59537340,7,59.5373
S7_59591919,7,59.5919
S7_59591981,7,59.592
S7_59858203,7,59.8582
S7_59970988,7,59.971
S7_60014167,7,60.0142
S7_60527674,7,60.5277
S7_60656562,7,60.6566
S7_60952926,7,60.9529
S7_61136230,7,61.1362
S7_61343977,7,61.344
S7_61403849,7,61.4038
S7_61414445,7,61.4144
S7_61679427,7,61.6794
S7_61797195,7,61.7972
S7_62123326,7,62.1233
S7_62601820,7,62.6018
S7_62856805,7,62.8568
S7_63262385,7,63.2624
S7_63316449,7,63.3164
S7_63316454,7,63.3165
S7_63448829,7,63.4488
S7_63617298,7,63.6173
S7_63707664,7,63.7077
S7_63713220,7,63.7132
S7_63793528,7,63.7935
S7_64210553,7,64.2106
S7_64353464,7,64.3535
S7_64509123,7,64.5091
S7_64660845,7,64.6608
S7_64922997,7,64.923
S7_65091411,7,65.0914
S7_65482719,7,65.4827
S8_1106,8,0.001106
S8_9808,8,0.009808
S8_145024,8,0.145024
S8_373338,8,0.373338
S8_575750,8,0.57575
S8_658991,8,0.658991
S8_903526,8,0.903526
S8_1103816,8,1.10382
S8_1181521,8,1.18152
S8_1188827,8,1.18883
S8_1188862,8,1.18886
S8_1188864,8,1.18886
S8_1375061,8,1.37506
S8_1418601,8,1.4186
S8_1420138,8,1.42014
S8_1432114,8,1.43211
S8_1605125,8,1.60512
S8_1833900,8,1.8339
S8_2075752,8,2.07575
S8_2101001,8,2.101
S8_2130386,8,2.13039
S8_2216564,8,2.21656
S8_2239670,8,2.23967
S8_2327537,8,2.32754
S8_2330334,8,2.33033
S8_2433307,8,2.43331
S8_2445899,8,2.4459
S8_2468845,8,2.46884
S8_2468863,8,2.46886
S8_2603762,8,2.60376
S8_2706483,8,2.70648
S8_2782006,8,2.78201
S8_2885915,8,2.88591
S8_3131789,8,3.13179
S8_4038355,8,4.03836
S8_4071917,8,4.07192
S8_4182473,8,4.18247
S8_4374730,8,4.37473
S8_4670460,8,4.67046
S8_5239365,8,5.23937
S8_5411444,8,5.41144
S8_5441465,8,5.44146
S8_5546949,8,5.54695
S8_5641470,8,5.64147
S8_5715804,8,5.7158
S8_6383192,8,6.38319
S8_6383242,8,6.38324
S8_7318859,8,7.31886
S8_7766634,8,7.76663
S8_7766658,8,7.76666
S8_8165231,8,8.16523
S8_8717164,8,8.71716
S8_9415518,8,9.41552
S8_9458626,8,9.45863
S8_9458734,8,9.45873
S8_9589152,8,9.58915
S8_10085360,8,10.0854
S8_10190315,8,10.1903
S8_10540818,8,10.5408
S8_11834273,8,11.8343
S8_12193360,8,12.1934
S8_13351518,8,13.3515
S8_13384385,8,13.3844
S8_13445307,8,13.4453
S8_13994621,8,13.9946
S8_14690589,8,14.6906
S8_15217663,8,15.2177
S8_15926759,8,15.9268
S8_17346213,8,17.3462
S8_17412307,8,17.4123
S8_18778322,8,18.7783
S8_18784143,8,18.7841
S8_19427872,8,19.4279
S8_21252190,8,21.2522
S8_22758128,8,22.7581
S8_23084849,8,23.0848
S8_24539510,8,24.5395
S8_25014771,8,25.0148
S8_32815276,8,32.8153
S8_33555041,8,33.555
S8_37136217,8,37.1362
S8_37711157,8,37.7112
S8_37904066,8,37.9041
S8_38094501,8,38.0945
S8_38208472,8,38.2085
S8_38419226,8,38.4192
S8_38513444,8,38.5134
S8_38888342,8,38.8883
S8_39138000,8,39.138
S8_39422183,8,39.4222
S8_39422217,8,39.4222
S8_39472841,8,39.4728
S8_39630614,8,39.6306
S8_39672667,8,39.6727
S8_40210530,8,40.2105
S8_40677154,8,40.6772
S8_44418964,8,44.419
S8_44419227,8,44.4192
S8_44871332,8,44.8713
S8_45180736,8,45.1807
S8_45218740,8,45.2187
S8_45498737,8,45.4987
S8_47605099,8,47.6051
S8_47696244,8,47.6962
S8_48032573,8,48.0326
S8_48067003,8,48.067
S8_48255863,8,48.2559
S8_48282292,8,48.2823
S8_48645654,8,48.6457
S8_48970900,8,48.9709
S8_48985870,8,48.9859
S8_49581486,8,49.5815
S8_49636174,8,49.6362
S8_49729976,8,49.73
S8_50038070,8,50.0381
S8_50611514,8,50.6115
S8_50711009,8,50.711
S8_51215038,8,51.215
S8_51215048,8,51.215
S8_52038228,8,52.0382
S8_52041105,8,52.0411
S8_52174034,8,52.174
S8_52278750,8,52.2788
S8_52278847,8,52.2788
S8_52278865,8,52.2789
S8_52367055,8,52.3671
S8_52371014,8,52.371
S8_52414074,8,52.4141
S8_52420677,8,52.4207
S8_52494224,8,52.4942
S8_52710261,8,52.7103
S8_52711341,8,52.7113
S8_53132598,8,53.1326
S8_53181126,8,53.1811
S8_53287686,8,53.2877
S8_53380534,8,53.3805
S8_53431970,8,53.432
S8_53431973,8,53.432
S8_53512736,8,53.5127
S8_53583080,8,53.5831
S8_53583087,8,53.5831
S8_53793227,8,53.7932
S8_53965336,8,53.9653
S8_54320356,8,54.3204
S8_54922691,8,54.9227
S8_55062525,8,55.0625
S8_55132791,8,55.1328
S8_55182678,8,55.1827
S8_55256905,8,55.2569
S8_55295954,8,55.296
S8_55295963,8,55.296
S8_55589108,8,55.5891
S8_55856094,8,55.8561
S8_55920312,8,55.9203
S8_55965958,8,55.966
S8_56379213,8,56.3792
S8_56669375,8,56.6694
S8_56675847,8,56.6758
S8_57072181,8,57.0722
S8_57072189,8,57.0722
S8_57098772,8,57.0988
S8_57236189,8,57.2362
S8_57236191,8,57.2362
S8_57304100,8,57.3041
S8_57304119,8,57.3041
S8_57678507,8,57.6785
S8_57729892,8,57.7299
S8_57768617,8,57.7686
S8_58040307,8,58.0403
S8_58083990,8,58.084
S8_58106586,8,58.1066
S8_58139258,8,58.1393
S8_58177329,8,58.1773
S8_58241067,8,58.2411
S8_58316533,8,58.3165
S8_58360168,8,58.3602
S8_58470006,8,58.47
S8_58510227,8,58.5102
S8_58518207,8,58.5182
S8_58610438,8,58.6104
S8_58634362,8,58.6344
S8_58941620,8,58.9416
S8_58972170,8,58.9722
S8_58972176,8,58.9722
S8_59167626,8,59.1676
S8_59213957,8,59.214
S8_59345124,8,59.3451
S8_59345142,8,59.3451
S8_59345378,8,59.3454
S8_59352260,8,59.3523
S8_59365147,8,59.3651
S8_59781929,8,59.7819
S8_59822926,8,59.8229
S8_59840106,8,59.8401
S8_59840123,8,59.8401
S8_59972796,8,59.9728
S8_60169919,8,60.1699
S8_60255263,8,60.2553
S8_60255729,8,60.2557
S8_60255735,8,60.2557
S8_60255756,8,60.2558
S8_60299307,8,60.2993
S8_60351027,8,60.351
S8_60396604,8,60.3966
S8_60445404,8,60.4454
S8_60476202,8,60.4762
S8_60529661,8,60.5297
S8_60649057,8,60.6491
S8_60914918,8,60.9149
S8_61050574,8,61.0506
S8_61183630,8,61.1836
S8_61198615,8,61.1986
S8_61304206,8,61.3042
S8_61304266,8,61.3043
S8_61349081,8,61.3491
S8_61367785,8,61.3678
S8_61380757,8,61.3808
S8_61467201,8,61.4672
S8_61603233,8,61.6032
S8_61811009,8,61.811
S8_61895861,8,61.8959
S8_62007705,8,62.0077
S8_62008002,8,62.008
S8_62074843,8,62.0748
S8_62207680,8,62.2077
S8_62331068,8,62.3311
S8_62464142,8,62.4641
S8_62492845,8,62.4928
S8_62492909,8,62.4929
S8_62492946,8,62.4929
S8_62513714,8,62.5137
S8_62513730,8,62.5137
S9_364251,9,0.364251
S9_485731,9,0.485731
S9_991695,9,0.991695
S9_1097201,9,1.0972
S9_1187534,9,1.18753
S9_1258802,9,1.2588
S9_1271007,9,1.27101
S9_1342408,9,1.34241
S9_1496777,9,1.49678
S9_1502721,9,1.50272
S9_1502729,9,1.50273
S9_1535531,9,1.53553
S9_1705286,9,1.70529
S9_1888844,9,1.88884
S9_2005024,9,2.00502
S9_2175906,9,2.17591
S9_2224106,9,2.22411
S9_2312669,9,2.31267
S9_2481541,9,2.48154
S9_2496334,9,2.49633
S9_2863734,9,2.86373
S9_3063477,9,3.06348
S9_3072643,9,3.07264
S9_3196022,9,3.19602
S9_3224463,9,3.22446
S9_3313927,9,3.31393
S9_3316923,9,3.31692
S9_3316989,9,3.31699
S9_3317027,9,3.31703
S9_3321322,9,3.32132
S9_3356106,9,3.35611
S9_3828972,9,3.82897
S9_4350440,9,4.35044
S9_4671167,9,4.67117
S9_4675399,9,4.6754
S9_4787564,9,4.78756
S9_4817749,9,4.81775
S9_4849607,9,4.84961
S9_4897343,9,4.89734
S9_5019093,9,5.01909
S9_5058621,9,5.05862
S9_5240087,9,5.24009
S9_5327420,9,5.32742
S9_5417518,9,5.41752
S9_5446887,9,5.44689
S9_5606321,9,5.60632
S9_5978165,9,5.97816
S9_6042820,9,6.04282
S9_6128357,9,6.12836
S9_6128376,9,6.12838
S9_6234032,9,6.23403
S9_6734702,9,6.7347
S9_6770398,9,6.7704
S9_6821414,9,6.82141
S9_6969739,9,6.96974
S9_6969756,9,6.96976
S9_7194067,9,7.19407
S9_7309768,9,7.30977
S9_7500606,9,7.50061
S9_7515389,9,7.51539
S9_7980151,9,7.98015
S9_8903582,9,8.90358
S9_9136013,9,9.13601
S9_9281277,9,9.28128
S9_9875479,9,9.87548
S9_10126301,9,10.1263
S9_10358041,9,10.358
S9_10905963,9,10.906
S9_11956450,9,11.9565
S9_12579078,9,12.5791
S9_13361783,9,13.3618
S9_13361798,9,13.3618
S9_13504206,9,13.5042
S9_15252241,9,15.2522
S9_15252261,9,15.2523
S9_15398126,9,15.3981
S9_15590583,9,15.5906
S9_15601568,9,15.6016
S9_15641414,9,15.6414
S9_15649187,9,15.6492
S9_16016416,9,16.0164
S9_16940147,9,16.9401
S9_17559088,9,17.5591
S9_17560488,9,17.5605
S9_18436683,9,18.4367
S9_18531634,9,18.5316
S9_19028122,9,19.0281
S9_19954190,9,19.9542
S9_23123267,9,23.1233
S9_26187993,9,26.188
S9_35599895,9,35.5999
S9_37394196,9,37.3942
S9_37435035,9,37.435
S9_38264074,9,38.2641
S9_39066305,9,39.0663
S9_39601399,9,39.6014
S9_39781755,9,39.7818
S9_39925091,9,39.9251
S9_39951893,9,39.9519
S9_40067401,9,40.0674
S9_40232184,9,40.2322
S9_40872190,9,40.8722
S9_41600730,9,41.6007
S9_41600809,9,41.6008
S9_42996462,9,42.9965
S9_44355262,9,44.3553
S9_44740504,9,44.7405
S9_45006572,9,45.0066
S9_45257533,9,45.2575
S9_45311672,9,45.3117
S9_45481821,9,45.4818
S9_45495876,9,45.4959
S9_45495879,9,45.4959
S9_45700135,9,45.7001
S9_46251979,9,46.252
S9_46279901,9,46.2799
S9_47133712,9,47.1337
S9_47254839,9,47.2548
S9_47294056,9,47.2941
S9_47523723,9,47.5237
S9_47527669,9,47.5277
S9_47609136,9,47.6091
S9_47674560,9,47.6746
S9_47745125,9,47.7451
S9_47745141,9,47.7451
S9_47977415,9,47.9774
S9_48218467,9,48.2185
S9_48863048,9,48.863
S9_48940339,9,48.9403
S9_49371569,9,49.3716
S9_49379286,9,49.3793
S9_50081127,9,50.0811
S9_50081169,9,50.0812
S9_50151034,9,50.151
S9_50167900,9,50.1679
S9_50167918,9,50.1679
S9_50576566,9,50.5766
S9_50927082,9,50.9271
S9_51176700,9,51.1767
S9_51343352,9,51.3434
S9_51459077,9,51.4591
S9_51637898,9,51.6379
S9_51638677,9,51.6387
S9_51646472,9,51.6465
S9_51647207,9,51.6472
S9_51808400,9,51.8084
S9_51808628,9,51.8086
S9_52056827,9,52.0568
S9_52065488,9,52.0655
S9_52173066,9,52.1731
S9_52569867,9,52.5699
S9_52607066,9,52.6071
S9_52641997,9,52.642
S9_52683094,9,52.6831
S9_52683126,9,52.6831
S9_52687515,9,52.6875
S9_52692821,9,52.6928
S9_52786850,9,52.7869
S9_52921312,9,52.9213
S9_53064553,9,53.0646
S9_53181531,9,53.1815
S9_53219348,9,53.2193
S9_53320750,9,53.3207
S9_53321289,9,53.3213
S9_53752886,9,53.7529
S9_54881865,9,54.8819
S9_55550610,9,55.5506
S9_55944814,9,55.9448
S9_56094617,9,56.0946
S9_56169077,9,56.1691
S9_56467130,9,56.4671
S9_56595443,9,56.5954
S9_57030394,9,57.0304
S9_57781355,9,57.7814
S9_57846253,9,57.8463
S9_57901864,9,57.9019
S9_57901899,9,57.9019
S9_58291556,9,58.2916
S9_58704142,9,58.7041
S9_58774415,9,58.7744
S9_59221830,9,59.2218
S10_71222,10,0.071222
S10_86217,10,0.086217
S10_214474,10,0.214474
S10_238042,10,0.238042
S10_418932,10,0.418932
S10_554982,10,0.554982
S10_580982,10,0.580982
S10_634811,10,0.634811
S10_635972,10,0.635972
S10_642860,10,0.64286
S10_684563,10,0.684563
S10_725740,10,0.72574
S10_777172,10,0.777172
S10_954184,10,0.954184
S10_954209,10,0.954209
S10_1374956,10,1.37496
S10_1484372,10,1.48437
S10_1650760,10,1.65076
S10_1651091,10,1.65109
S10_1651265,10,1.65126
S10_1762225,10,1.76222
S10_1920339,10,1.92034
S10_1977001,10,1.977
S10_2113167,10,2.11317
S10_2138589,10,2.13859
S10_2257367,10,2.25737
S10_2343563,10,2.34356
S10_2343601,10,2.3436
S10_2988662,10,2.98866
S10_3066708,10,3.06671
S10_3073369,10,3.07337
S10_3634848,10,3.63485
S10_3674979,10,3.67498
S10_3758140,10,3.75814
S10_4036056,10,4.03606
S10_4306912,10,4.30691
S10_4469403,10,4.4694
S10_4773269,10,4.77327
S10_4842461,10,4.84246
S10_4990778,10,4.99078
S10_4990784,10,4.99078
S10_4992972,10,4.99297
S10_5216193,10,5.21619
S10_5216238,10,5.21624
S10_5311248,10,5.31125
S10_5399809,10,5.39981
S10_5399835,10,5.39984
S10_5473732,10,5.47373
S10_5519227,10,5.51923
S10_5660842,10,5.66084
S10_5870243,10,5.87024
S10_6134121,10,6.13412
S10_6134134,10,6.13413
S10_6220616,10,6.22062
S10_6605059,10,6.60506
S10_6673829,10,6.67383
S10_6804820,10,6.80482
S10_6821810,10,6.82181
S10_6821864,10,6.82186
S10_7090966,10,7.09097
S10_7139343,10,7.13934
S10_7393233,10,7.39323
S10_7393291,10,7.39329
S10_7439039,10,7.43904
S10_7523913,10,7.52391
S10_7524026,10,7.52403
S10_7627581,10,7.62758
S10_7914038,10,7.91404
S10_7976936,10,7.97694
S10_8100243,10,8.10024
S10_8173489,10,8.17349
S10_8519967,10,8.51997
S10_8534737,10,8.53474
S10_8534796,10,8.5348
S10_8657632,10,8.65763
S10_9374284,10,9.37428
S10_9382466,10,9.38247
S10_9421726,10,9.42173
S10_9467723,10,9.46772
S10_9613956,10,9.61396
S10_9889661,10,9.88966
S10_9963536,10,9.96354
S10_10168064,10,10.1681
S10_10548027,10,10.548
S10_10892647,10,10.8926
S10_11763427,10,11.7634
S10_12333390,10,12.3334
S10_12416545,10,12.4165
S10_12653254,10,12.6533
S10_12655933,10,12.6559
S10_12716831,10,12.7168
S10_13282162,10,13.2822
S10_13282195,10,13.2822
S10_13284443,10,13.2844
S10_14139844,10,14.1398
S10_14193106,10,14.1931
S10_15001677,10,15.0017
S10_15053812,10,15.0538
S10_15124425,10,15.1244
S10_15422065,10,15.4221
S10_15873350,10,15.8734
S10_16061968,10,16.062
S10_16400637,10,16.4006
S10_16614656,10,16.6147
S10_16972000,10,16.972
S10_17050743,10,17.0507
S10_17374740,10,17.3747
S10_17509855,10,17.5099
S10_17629723,10,17.6297
S10_17629741,10,17.6297
S10_17784225,10,17.7842
S10_18070529,10,18.0705
S10_18162549,10,18.1625
S10_18354833,10,18.3548
S10_18354842,10,18.3548
S10_18354847,10,18.3548
S10_18951391,10,18.9514
S10_18951430,10,18.9514
S10_20261597,10,20.2616
S10_20261633,10,20.2616
S10_20265984,10,20.266
S10_20316809,10,20.3168
S10_20529920,10,20.5299
S10_20914633,10,20.9146
S10_21054680,10,21.0547
S10_21117575,10,21.1176
S10_21117590,10,21.1176
S10_21132053,10,21.1321
S10_21140574,10,21.1406
S10_21499466,10,21.4995
S10_22062807,10,22.0628
S10_22679795,10,22.6798
S10_24377257,10,24.3773
S10_25019954,10,25.02
S10_26879681,10,26.8797
S10_27028082,10,27.0281
S10_27028103,10,27.0281
S10_28332907,10,28.3329
S10_28381991,10,28.382
S10_28414921,10,28.4149
S10_28415145,10,28.4151
S10_28451359,10,28.4514
S10_33593044,10,33.593
S10_33998226,10,33.9982
S10_34359287,10,34.3593
S10_38911258,10,38.9113
S10_40204351,10,40.2044
S10_40515631,10,40.5156
S10_40557799,10,40.5578
S10_41235185,10,41.2352
S10_41663261,10,41.6633
S10_42255999,10,42.256
S10_42527281,10,42.5273
S10_42891535,10,42.8915
S10_43692700,10,43.6927
S10_44002501,10,44.0025
S10_44234818,10,44.2348
S10_44234841,10,44.2348
S10_44424882,10,44.4249
S10_44424890,10,44.4249
S10_44789709,10,44.7897
S10_45432538,10,45.4325
S10_45527718,10,45.5277
S10_46392635,10,46.3926
S10_46677956,10,46.678
S10_46982998,10,46.983
S10_47576653,10,47.5767
S10_47632647,10,47.6326
S10_47883523,10,47.8835
S10_47933358,10,47.9334
S10_48215200,10,48.2152
S10_48735667,10,48.7357
S10_49061049,10,49.061
S10_49106880,10,49.1069
S10_49131896,10,49.1319
S10_49507745,10,49.5077
S10_49620941,10,49.6209
S10_49764584,10,49.7646
S10_50169325,10,50.1693
S10_50204303,10,50.2043
S10_50209594,10,50.2096
S10_50235831,10,50.2358
S10_50374916,10,50.3749
S10_50382635,10,50.3826
S10_50425167,10,50.4252
S10_50553564,10,50.5536
S10_50688810,10,50.6888
S10_50935502,10,50.9355
S10_51068102,10,51.0681
S10_51154177,10,51.1542
S10_51505541,10,51.5055
S10_51532978,10,51.533
S10_53235008,10,53.235
S10_53386339,10,53.3863
S10_53386360,10,53.3864
S10_53444861,10,53.4449
S10_53463828,10,53.4638
S10_53683602,10,53.6836
S10_53809440,10,53.8094
S10_53889378,10,53.8894
S10_53924106,10,53.9241
S10_53924288,10,53.9243
S10_54204906,10,54.2049
S10_54277060,10,54.2771
S10_54393089,10,54.3931
S10_54666381,10,54.6664
S10_54708349,10,54.7083
S10_55018678,10,55.0187
S10_55018706,10,55.0187
S10_55213956,10,55.214
S10_55375263,10,55.3753
S10_55481012,10,55.481
S10_55571943,10,55.5719
S10_55673355,10,55.6734
S10_55776429,10,55.7764
S10_55843892,10,55.8439
S10_55905585,10,55.9056
S10_55938892,10,55.9389
S10_55971884,10,55.9719
S10_56272824,10,56.2728
S10_56341352,10,56.3414
S10_56346032,10,56.346
S10_56380356,10,56.3804
S10_56415384,10,56.4154
S10_56597307,10,56.5973
S10_56898375,10,56.8984
S10_56917780,10,56.9178
S10_56925621,10,56.9256
S10_56986270,10,56.9863
S10_57052681,10,57.0527
S10_57121162,10,57.1212
S10_57204763,10,57.2048
S10_57257522,10,57.2575
S10_57257531,10,57.2575
S10_57752442,10,57.7524
S10_57814486,10,57.8145
S10_58000090,10,58.0001
S10_58474214,10,58.4742
S10_58556741,10,58.5567
S10_59082944,10,59.0829
S10_59132750,10,59.1328
S10_59132782,10,59.1328
S10_59212290,10,59.2123
S10_59332438,10,59.3324
S10_59369556,10,59.3696
S10_59577740,10,59.5777
S10_59797300,10,59.7973
S10_59838189,10,59.8382
S10_60052693,10,60.0527
S10_60100638,10,60.1006
S10_60187347,10,60.1873
S10_60313825,10,60.3138
S10_60508957,10,60.509
S10_60686173,10,60.6862
S10_60733440,10,60.7334
S10_60768364,10,60.7684
S10_60777216,10,60.7772
S10_60777243,10,60.7772
S10_60932465,10,60.9325